from_country,to_country,count
Antarctica,Argentina,3
Antarctica,Australia,12
Antarctica,Austria,2
Antarctica,Belgium,2
Antarctica,Brazil,2
Antarctica,Bulgaria,1
Antarctica,Canada,12
Antarctica,Croatia,1
Antarctica,Czech Republic,1
Antarctica,Denmark,1
Antarctica,Finland,5
Antarctica,France,6
Antarctica,Germany,22
Antarctica,Greece,1
Antarctica,Hungary,2
Antarctica,Ireland,1
Antarctica,Israel,1
Antarctica,Italy,1
Antarctica,Japan,7
Antarctica,Macedonia,1
Antarctica,Mexico,1
Antarctica,Netherlands,4
Antarctica,New Zealand,2
Antarctica,Poland,3
Antarctica,Portugal,1
Antarctica,South Korea,2
Antarctica,Romania,1
Antarctica,Russia,12
Antarctica,Singapore,1
Antarctica,Slovakia,1
Antarctica,South Africa,5
Antarctica,Spain,1
Antarctica,Switzerland,4
Antarctica,Taiwan,1
Antarctica,Thailand,1
Antarctica,Ukraine,1
Antarctica,United Kingdom,26
Antarctica,United States,107
Argentina,Argentina,105
Argentina,Armenia,2
Argentina,Australia,71
Argentina,Austria,4
Argentina,Bahrain,1
Argentina,Belgium,22
Argentina,Bermuda,1
Argentina,Bolivia,1
Argentina,Brazil,11
Argentina,Bulgaria,1
Argentina,Canada,57
Argentina,Chile,20
Argentina,China,9
Argentina,Colombia,5
Argentina,Croatia,4
Argentina,Czech Republic,10
Argentina,Denmark,2
Argentina,Dominican Republic,2
Argentina,Ecuador,1
Argentina,Estonia,1
Argentina,Finland,10
Argentina,France,68
Argentina,Georgia,3
Argentina,Germany,172
Argentina,Gibraltar,1
Argentina,Greece,1
Argentina,Hong Kong,4
Argentina,Hungary,4
Argentina,India,1
Argentina,Indonesia,1
Argentina,Ireland,8
Argentina,Israel,14
Argentina,Italy,16
Argentina,Japan,73
Argentina,Latvia,1
Argentina,Lithuania,2
Argentina,Luxembourg,1
Argentina,Macedonia,1
Argentina,Malta,2
Argentina,Mauritius,2
Argentina,Mexico,21
Argentina,Moldova,1
Argentina,Morocco,2
Argentina,Netherlands,32
Argentina,New Zealand,12
Argentina,Norway,7
Argentina,Panama,1
Argentina,Paraguay,1
Argentina,Peru,5
Argentina,Philippines,1
Argentina,Poland,10
Argentina,Portugal,7
Argentina,Puerto Rico,1
Argentina,Qatar,1
Argentina,South Korea,4
Argentina,Romania,18
Argentina,Russia,18
Argentina,Serbia,5
Argentina,Singapore,4
Argentina,Slovakia,1
Argentina,Slovenia,3
Argentina,South Africa,8
Argentina,Spain,40
Argentina,Sweden,15
Argentina,Switzerland,47
Argentina,Thailand,3
Argentina,Turkey,3
Argentina,Ukraine,11
Argentina,United Arab Emirates,2
Argentina,United Kingdom,188
Argentina,United States,339
Argentina,Uruguay,13
Argentina,Vietnam,1
Armenia,Armenia,3
Armenia,Australia,1
Armenia,Finland,1
Armenia,France,3
Armenia,Germany,7
Armenia,Ireland,1
Armenia,Japan,1
Armenia,Netherlands,1
Armenia,New Zealand,1
Armenia,Switzerland,1
Armenia,United Kingdom,1
Armenia,United States,2
Australia,Argentina,13
Australia,Australia,6924
Australia,Austria,58
Australia,Azerbaijan,1
Australia,Bahrain,2
Australia,Belarus,7
Australia,Belgium,111
Australia,Bermuda,2
Australia,Bolivia,3
Australia,Bosnia and Herzegovina,1
Australia,Brazil,28
Australia,Brunei Darussalam,2
Australia,Bulgaria,11
Australia,Cambodia,3
Australia,Canada,554
Australia,Cayman Islands,1
Australia,Chile,21
Australia,China,37
Australia,Colombia,11
Australia,Costa Rica,4
Australia,Croatia,25
Australia,Cyprus,6
Australia,Czech Republic,48
Australia,Denmark,49
Australia,Dominican Republic,1
Australia,Ecuador,6
Australia,Egypt,3
Australia,Estonia,26
Australia,Finland,93
Australia,France,407
Australia,Georgia,11
Australia,Germany,940
Australia,Gibraltar,1
Australia,Greece,27
Australia,Guam,2
Australia,Guatemala,2
Australia,Hong Kong,9
Australia,Hungary,18
Australia,Iceland,4
Australia,India,20
Australia,Indonesia,9
Australia,Ireland,89
Australia,Isle of Man,1
Australia,Israel,61
Australia,Italy,122
Australia,Japan,327
Australia,Jersey,2
Australia,Jordan,1
Australia,Kazakhstan,1
Australia,Kuwait,3
Australia,Lao People's Democratic Republic,1
Australia,Latvia,5
Australia,Lebanon,4
Australia,Lithuania,20
Australia,Luxembourg,5
Australia,ME,2
Australia,Macao,4
Australia,Macedonia,5
Australia,Malaysia,2
Australia,Malta,1
Australia,Mauritius,2
Australia,Mexico,39
Australia,Namibia,1
Australia,Netherlands,225
Australia,New Caledonia,1
Australia,New Zealand,180
Australia,Norway,74
Australia,Oman,1
Australia,Peru,10
Australia,Philippines,5
Australia,Poland,75
Australia,Portugal,25
Australia,Qatar,2
Australia,South Korea,44
Australia,Romania,19
Australia,Russia,142
Australia,Serbia,8
Australia,Singapore,22
Australia,Slovakia,9
Australia,Slovenia,13
Australia,South Africa,30
Australia,Spain,148
Australia,Suriname,1
Australia,Sweden,93
Australia,Switzerland,170
Australia,Taiwan,18
Australia,Thailand,14
Australia,Trinidad and Tobago,2
Australia,Turkey,11
Australia,Ukraine,30
Australia,United Arab Emirates,5
Australia,United Kingdom,1564
Australia,United States,4608
Australia,Uruguay,2
Australia,Venezuela,1
Australia,Vietnam,2
Austria,Argentina,1
Austria,Australia,71
Austria,Austria,146
Austria,Bahrain,1
Austria,Belarus,1
Austria,Belgium,24
Austria,Bolivia,1
Austria,Brazil,3
Austria,Bulgaria,1
Austria,Canada,48
Austria,Chile,2
Austria,China,2
Austria,Colombia,3
Austria,Croatia,4
Austria,Czech Republic,17
Austria,Denmark,14
Austria,Estonia,3
Austria,Finland,8
Austria,France,105
Austria,Georgia,3
Austria,Germany,346
Austria,Greece,6
Austria,Honduras,2
Austria,Hong Kong,2
Austria,Hungary,5
Austria,India,5
Austria,Ireland,12
Austria,Israel,17
Austria,Italy,31
Austria,Japan,66
Austria,Jersey,1
Austria,Jordan,1
Austria,Kazakhstan,2
Austria,Latvia,2
Austria,Lithuania,3
Austria,Luxembourg,3
Austria,ME,1
Austria,Mexico,7
Austria,Netherlands,31
Austria,New Zealand,12
Austria,Norway,9
Austria,Oman,1
Austria,Poland,21
Austria,Portugal,5
Austria,South Korea,9
Austria,Romania,4
Austria,Russia,31
Austria,Saudi Arabia,2
Austria,Singapore,2
Austria,Slovakia,5
Austria,Slovenia,2
Austria,South Africa,6
Austria,Spain,9
Austria,Sweden,12
Austria,Switzerland,52
Austria,Thailand,5
Austria,Trinidad and Tobago,1
Austria,Turkey,5
Austria,Ukraine,5
Austria,United Arab Emirates,1
Austria,United Kingdom,176
Austria,United States,478
Austria,Vietnam,1
Azerbaijan,Australia,1
Azerbaijan,Azerbaijan,1
Azerbaijan,Canada,1
Azerbaijan,Croatia,1
Azerbaijan,Germany,10
Azerbaijan,Hungary,2
Azerbaijan,Japan,1
Azerbaijan,Malta,1
Azerbaijan,Mexico,1
Azerbaijan,Netherlands,1
Azerbaijan,Portugal,1
Azerbaijan,Russia,2
Azerbaijan,Seychelles,1
Azerbaijan,Sweden,2
Azerbaijan,Switzerland,3
Azerbaijan,Ukraine,1
Azerbaijan,United Kingdom,3
Azerbaijan,United States,13
Belarus,Australia,27
Belarus,Austria,5
Belarus,Belarus,10
Belarus,Belgium,10
Belarus,Brazil,1
Belarus,Canada,29
Belarus,Chile,1
Belarus,China,1
Belarus,Czech Republic,5
Belarus,Denmark,3
Belarus,Estonia,6
Belarus,Finland,7
Belarus,France,21
Belarus,Germany,82
Belarus,Greece,3
Belarus,Hong Kong,1
Belarus,Hungary,3
Belarus,Indonesia,1
Belarus,Ireland,7
Belarus,Israel,6
Belarus,Italy,7
Belarus,Jamaica,1
Belarus,Japan,11
Belarus,Latvia,3
Belarus,Lithuania,11
Belarus,Luxembourg,1
Belarus,Malta,1
Belarus,Mexico,2
Belarus,Netherlands,18
Belarus,New Zealand,3
Belarus,Norway,8
Belarus,Peru,1
Belarus,Poland,51
Belarus,Portugal,1
Belarus,South Korea,1
Belarus,Russia,59
Belarus,Serbia,1
Belarus,Slovakia,1
Belarus,Slovenia,5
Belarus,South Africa,3
Belarus,Spain,8
Belarus,Sweden,5
Belarus,Switzerland,5
Belarus,Thailand,1
Belarus,Ukraine,6
Belarus,United Kingdom,80
Belarus,United States,317
Belgium,Andorra,1
Belgium,Argentina,4
Belgium,Armenia,5
Belgium,Australia,179
Belgium,Austria,35
Belgium,Azerbaijan,2
Belgium,Belgium,410
Belgium,Bosnia and Herzegovina,1
Belgium,Brazil,5
Belgium,Bulgaria,1
Belgium,China,17
Belgium,Canada,132
Belgium,Chile,11
Belgium,Colombia,6
Belgium,Costa Rica,3
Belgium,Croatia,6
Belgium,Cyprus,3
Belgium,Czech Republic,19
Belgium,Denmark,33
Belgium,Estonia,8
Belgium,Finland,35
Belgium,France,346
Belgium,Georgia,6
Belgium,Germany,650
Belgium,Greece,20
Belgium,Hong Kong,3
Belgium,Hungary,20
Belgium,Iceland,3
Belgium,India,5
Belgium,Indonesia,1
Belgium,Ireland,24
Belgium,Isle of Man,1
Belgium,Israel,30
Belgium,Italy,57
Belgium,Japan,130
Belgium,Latvia,3
Belgium,Lebanon,1
Belgium,Lithuania,13
Belgium,Luxembourg,6
Belgium,Macao,3
Belgium,Macedonia,3
Belgium,Malaysia,2
Belgium,Malta,3
Belgium,Martinique,1
Belgium,Mauritius,1
Belgium,Mexico,21
Belgium,Morocco,2
Belgium,Myanmar,1
Belgium,Netherlands,128
Belgium,New Zealand,26
Belgium,Norway,25
Belgium,Panama,2
Belgium,Peru,1
Belgium,Philippines,1
Belgium,Poland,47
Belgium,Portugal,19
Belgium,Qatar,1
Belgium,South Korea,20
Belgium,Romania,9
Belgium,Russia,84
Belgium,Serbia,2
Belgium,Slovakia,10
Belgium,Slovenia,12
Belgium,South Africa,10
Belgium,Spain,62
Belgium,Sweden,51
Belgium,Switzerland,93
Belgium,Taiwan,7
Belgium,Turkey,3
Belgium,Ukraine,15
Belgium,United Arab Emirates,5
Belgium,United Kingdom,433
Belgium,United States,1010
Belgium,Vietnam,1
Belize,Australia,1
Belize,Belgium,2
Belize,Canada,1
Belize,Germany,1
Belize,Netherlands,1
Belize,United Kingdom,4
Belize,United States,5
Bosnia and Herzegovina,Australia,1
Bosnia and Herzegovina,Belgium,1
Bosnia and Herzegovina,Croatia,1
Bosnia and Herzegovina,Germany,2
Bosnia and Herzegovina,Israel,1
Bosnia and Herzegovina,Japan,1
Bosnia and Herzegovina,Moldova,1
Bosnia and Herzegovina,Netherlands,2
Bosnia and Herzegovina,Romania,4
Bosnia and Herzegovina,Russia,1
Bosnia and Herzegovina,United Kingdom,6
Bosnia and Herzegovina,United States,2
Brazil,Argentina,11
Brazil,Australia,144
Brazil,Austria,20
Brazil,Belgium,21
Brazil,Brazil,279
Brazil,Bulgaria,3
Brazil,Canada,99
Brazil,Chile,13
Brazil,China,8
Brazil,Colombia,8
Brazil,Cook Islands,1
Brazil,Costa Rica,2
Brazil,Croatia,2
Brazil,Cyprus,6
Brazil,Czech Republic,11
Brazil,Denmark,15
Brazil,Dominican Republic,1
Brazil,Ecuador,1
Brazil,Egypt,1
Brazil,El Salvador,1
Brazil,Estonia,2
Brazil,Finland,19
Brazil,France,113
Brazil,Germany,297
Brazil,Greece,19
Brazil,Guatemala,3
Brazil,Hong Kong,2
Brazil,Hungary,17
Brazil,Iceland,2
Brazil,India,8
Brazil,Ireland,19
Brazil,Israel,8
Brazil,Italy,53
Brazil,Japan,118
Brazil,Kenya,2
Brazil,Latvia,1
Brazil,Lebanon,2
Brazil,Lithuania,8
Brazil,Luxembourg,1
Brazil,ME,1
Brazil,Macao,1
Brazil,Malaysia,1
Brazil,Mexico,26
Brazil,Netherlands,46
Brazil,New Zealand,18
Brazil,Norway,12
Brazil,Oman,1
Brazil,Peru,5
Brazil,Philippines,2
Brazil,Poland,28
Brazil,Portugal,14
Brazil,Puerto Rico,3
Brazil,South Korea,7
Brazil,Romania,9
Brazil,Russia,53
Brazil,Saudi Arabia,3
Brazil,Serbia,2
Brazil,Singapore,6
Brazil,Slovakia,3
Brazil,Slovenia,5
Brazil,South Africa,10
Brazil,Spain,31
Brazil,Sweden,22
Brazil,Switzerland,68
Brazil,Taiwan,7
Brazil,Thailand,6
Brazil,Trinidad and Tobago,1
Brazil,Turkey,5
Brazil,Uganda,1
Brazil,Ukraine,9
Brazil,United Arab Emirates,5
Brazil,United Kingdom,339
Brazil,United States,900
Brazil,Uruguay,1
Bulgaria,Argentina,1
Bulgaria,Australia,18
Bulgaria,Austria,7
Bulgaria,Belgium,4
Bulgaria,Bosnia and Herzegovina,1
Bulgaria,Brazil,1
Bulgaria,Bulgaria,26
Bulgaria,Canada,6
Bulgaria,China,2
Bulgaria,Colombia,1
Bulgaria,Croatia,3
Bulgaria,Czech Republic,2
Bulgaria,Denmark,2
Bulgaria,Estonia,2
Bulgaria,Finland,1
Bulgaria,France,43
Bulgaria,Georgia,2
Bulgaria,Germany,94
Bulgaria,Greece,2
Bulgaria,Hungary,6
Bulgaria,Iceland,1
Bulgaria,India,2
Bulgaria,Ireland,9
Bulgaria,Italy,5
Bulgaria,Japan,9
Bulgaria,Lithuania,4
Bulgaria,Luxembourg,3
Bulgaria,Malta,1
Bulgaria,Mexico,3
Bulgaria,Monaco,1
Bulgaria,Netherlands,16
Bulgaria,Norway,1
Bulgaria,Panama,1
Bulgaria,Philippines,1
Bulgaria,Poland,7
Bulgaria,Portugal,1
Bulgaria,Romania,2
Bulgaria,Russia,24
Bulgaria,Slovakia,2
Bulgaria,Slovenia,2
Bulgaria,Spain,9
Bulgaria,Sweden,7
Bulgaria,Switzerland,13
Bulgaria,Tunisia,1
Bulgaria,Ukraine,2
Bulgaria,United Kingdom,59
Bulgaria,United States,76
Cameroon,Belgium,1
Cameroon,Canada,2
Cameroon,Denmark,1
Cameroon,France,3
Cameroon,Georgia,1
Cameroon,Germany,3
Cameroon,Hong Kong,1
Cameroon,Ireland,2
Cameroon,Italy,2
Cameroon,Japan,3
Cameroon,Netherlands,1
Cameroon,South Korea,1
Cameroon,Spain,1
Cameroon,Ukraine,1
Cameroon,United Kingdom,7
Cameroon,United States,13
Canada,Andorra,1
Canada,Argentina,13
Canada,Armenia,1
Canada,Australia,774
Canada,Austria,65
Canada,Azerbaijan,1
Canada,Bahamas,2
Canada,Bahrain,2
Canada,Belarus,1
Canada,Belgium,102
Canada,Bermuda,1
Canada,Bolivia,1
Canada,Brazil,32
Canada,Bulgaria,8
Canada,Canada,4914
Canada,Chile,28
Canada,China,41
Canada,Colombia,15
Canada,Costa Rica,7
Canada,Croatia,9
Canada,Cyprus,2
Canada,Czech Republic,46
Canada,Denmark,54
Canada,Ecuador,1
Canada,Egypt,5
Canada,El Salvador,1
Canada,Estonia,15
Canada,Finland,81
Canada,France,426
Canada,French Guiana,1
Canada,Georgia,4
Canada,Germany,1067
Canada,Greece,41
Canada,Guatemala,3
Canada,Honduras,1
Canada,Hong Kong,21
Canada,Hungary,27
Canada,Iceland,5
Canada,India,16
Canada,Indonesia,4
Canada,Ireland,88
Canada,Isle of Man,2
Canada,Israel,56
Canada,Italy,131
Canada,Japan,343
Canada,Jersey,1
Canada,Jordan,1
Canada,Kazakhstan,3
Canada,Kenya,1
Canada,Lao People's Democratic Republic,1
Canada,Latvia,5
Canada,Lebanon,5
Canada,Lithuania,25
Canada,Luxembourg,6
Canada,ME,2
Canada,Macao,3
Canada,Macedonia,1
Canada,Malaysia,8
Canada,Mauritius,2
Canada,Mexico,77
Canada,Monaco,1
Canada,Morocco,1
Canada,Myanmar,1
Canada,Netherlands,219
Canada,Netherlands Antilles,1
Canada,New Zealand,105
Canada,Norway,78
Canada,Oman,1
Canada,Pakistan,2
Canada,Palestinian Territory,1
Canada,Panama,3
Canada,Paraguay,1
Canada,Peru,3
Canada,Philippines,14
Canada,Poland,81
Canada,Portugal,28
Canada,Qatar,7
Canada,South Korea,45
Canada,Romania,24
Canada,Russia,128
Canada,Saint Pierre and Miquelon,2
Canada,Saudi Arabia,3
Canada,Serbia,6
Canada,Singapore,18
Canada,Slovakia,18
Canada,Slovenia,11
Canada,South Africa,37
Canada,Spain,102
Canada,Sweden,112
Canada,Switzerland,180
Canada,Taiwan,21
Canada,Thailand,15
Canada,Trinidad and Tobago,3
Canada,Tunisia,1
Canada,Turkey,7
Canada,Ukraine,30
Canada,United Arab Emirates,8
Canada,United Kingdom,1568
Canada,United States,7493
Canada,Vietnam,4
Chile,Argentina,9
Chile,Australia,29
Chile,Austria,1
Chile,Belarus,1
Chile,Belgium,5
Chile,Bolivia,1
Chile,Brazil,5
Chile,Canada,39
Chile,Chile,83
Chile,China,3
Chile,Colombia,2
Chile,Costa Rica,1
Chile,Czech Republic,1
Chile,Denmark,3
Chile,Dominican Republic,1
Chile,Ecuador,1
Chile,Estonia,3
Chile,Finland,5
Chile,France,30
Chile,Georgia,1
Chile,Germany,95
Chile,Greece,6
Chile,Guatemala,2
Chile,Hungary,3
Chile,Ireland,2
Chile,Israel,7
Chile,Italy,22
Chile,Japan,27
Chile,Jordan,1
Chile,Kuwait,1
Chile,Lithuania,1
Chile,Macedonia,1
Chile,Malaysia,1
Chile,Mauritius,1
Chile,Mexico,15
Chile,Netherlands,16
Chile,New Zealand,9
Chile,Norway,4
Chile,Panama,1
Chile,Peru,3
Chile,Philippines,2
Chile,Poland,13
Chile,Portugal,1
Chile,Puerto Rico,1
Chile,South Korea,4
Chile,Romania,1
Chile,Russia,15
Chile,Saudi Arabia,1
Chile,Serbia,1
Chile,Singapore,1
Chile,Slovakia,1
Chile,South Africa,1
Chile,Spain,14
Chile,Sweden,4
Chile,Switzerland,19
Chile,Turkey,1
Chile,Ukraine,4
Chile,United Arab Emirates,1
Chile,United Kingdom,66
Chile,United States,242
Chile,Uruguay,1
China,Australia,46
China,Austria,6
China,Belgium,5
China,Brazil,1
China,Canada,42
China,China,41
China,Czech Republic,5
China,Denmark,3
China,Estonia,1
China,Finland,11
China,France,30
China,Germany,61
China,Greece,2
China,Hong Kong,7
China,Hungary,1
China,Ireland,6
China,Israel,5
China,Italy,14
China,Japan,44
China,Lebanon,1
China,Lithuania,3
China,Macao,1
China,Mauritius,1
China,Mexico,6
China,Netherlands,16
China,New Zealand,5
China,Norway,4
China,Peru,2
China,Philippines,1
China,Poland,6
China,Portugal,2
China,South Korea,9
China,Romania,1
China,Russia,11
China,Serbia,1
China,Singapore,5
China,Slovenia,2
China,South Africa,1
China,Spain,4
China,Sweden,4
China,Switzerland,14
China,Taiwan,5
China,Turkey,1
China,Uganda,3
China,Ukraine,4
China,United Kingdom,98
China,United States,369
Colombia,Argentina,7
Colombia,Australia,35
Colombia,Austria,5
Colombia,Belgium,13
Colombia,Brazil,6
Colombia,Canada,24
Colombia,Cayman Islands,1
Colombia,Chile,3
Colombia,China,5
Colombia,Colombia,33
Colombia,Croatia,1
Colombia,Czech Republic,2
Colombia,Denmark,6
Colombia,Egypt,1
Colombia,El Salvador,1
Colombia,Estonia,2
Colombia,Finland,5
Colombia,France,88
Colombia,Georgia,6
Colombia,Germany,127
Colombia,Gibraltar,1
Colombia,Greece,6
Colombia,Hong Kong,2
Colombia,Hungary,6
Colombia,Indonesia,1
Colombia,Ireland,6
Colombia,Italy,5
Colombia,Japan,32
Colombia,Latvia,1
Colombia,Lithuania,1
Colombia,Mexico,13
Colombia,Netherlands,11
Colombia,New Zealand,3
Colombia,Norway,3
Colombia,Panama,1
Colombia,Philippines,2
Colombia,Poland,8
Colombia,Portugal,4
Colombia,South Korea,2
Colombia,Romania,5
Colombia,Russia,11
Colombia,Singapore,2
Colombia,Slovakia,4
Colombia,Slovenia,2
Colombia,South Africa,1
Colombia,Spain,30
Colombia,Sweden,5
Colombia,Switzerland,23
Colombia,Taiwan,2
Colombia,Thailand,1
Colombia,Ukraine,3
Colombia,United Arab Emirates,1
Colombia,United Kingdom,139
Colombia,United States,276
Colombia,Uruguay,2
Colombia,Venezuela,2
Costa Rica,Australia,5
Costa Rica,Belarus,1
Costa Rica,Brazil,1
Costa Rica,Bulgaria,1
Costa Rica,China,1
Costa Rica,Canada,8
Costa Rica,Costa Rica,41
Costa Rica,Czech Republic,3
Costa Rica,Finland,2
Costa Rica,France,4
Costa Rica,Germany,13
Costa Rica,Greece,2
Costa Rica,Hungary,1
Costa Rica,India,2
Costa Rica,Ireland,1
Costa Rica,Italy,3
Costa Rica,Japan,2
Costa Rica,Mexico,2
Costa Rica,Netherlands,2
Costa Rica,New Zealand,1
Costa Rica,Nicaragua,1
Costa Rica,Norway,1
Costa Rica,Poland,1
Costa Rica,Portugal,1
Costa Rica,Russia,4
Costa Rica,Switzerland,11
Costa Rica,Ukraine,2
Costa Rica,United Kingdom,7
Costa Rica,United States,37
Costa Rica,Uruguay,1
Croatia,Australia,18
Croatia,Bahrain,1
Croatia,Belarus,1
Croatia,Belgium,2
Croatia,Bulgaria,1
Croatia,Canada,4
Croatia,China,1
Croatia,Colombia,3
Croatia,Croatia,37
Croatia,Czech Republic,2
Croatia,Denmark,9
Croatia,Ecuador,2
Croatia,Estonia,1
Croatia,Finland,8
Croatia,France,25
Croatia,Germany,53
Croatia,Greece,3
Croatia,Hong Kong,1
Croatia,Hungary,2
Croatia,Ireland,4
Croatia,Israel,2
Croatia,Italy,3
Croatia,Japan,6
Croatia,Jersey,1
Croatia,Lebanon,1
Croatia,Lithuania,1
Croatia,Luxembourg,2
Croatia,Mexico,4
Croatia,Netherlands,7
Croatia,New Zealand,3
Croatia,Norway,2
Croatia,Panama,1
Croatia,Poland,8
Croatia,Portugal,1
Croatia,South Korea,2
Croatia,Russia,10
Croatia,Serbia,3
Croatia,Slovakia,1
Croatia,Slovenia,4
Croatia,Spain,10
Croatia,Sweden,1
Croatia,Switzerland,10
Croatia,United Arab Emirates,1
Croatia,United Kingdom,50
Croatia,United States,62
Cuba,Argentina,1
Cuba,Australia,5
Cuba,Belgium,1
Cuba,China,1
Cuba,Estonia,1
Cuba,Finland,3
Cuba,France,9
Cuba,Georgia,2
Cuba,Germany,18
Cuba,Hungary,1
Cuba,Ireland,4
Cuba,Italy,2
Cuba,Japan,1
Cuba,Latvia,1
Cuba,Netherlands,1
Cuba,Poland,1
Cuba,Portugal,1
Cuba,Spain,1
Cuba,Sweden,1
Cuba,Switzerland,1
Cuba,Taiwan,1
Cuba,United Kingdom,11
Cuba,United States,9
Cyprus,Australia,1
Cyprus,Austria,1
Cyprus,Belgium,1
Cyprus,Cyprus,1
Cyprus,France,6
Cyprus,Germany,2
Cyprus,India,1
Cyprus,Ireland,1
Cyprus,Japan,3
Cyprus,Switzerland,2
Cyprus,Turkey,1
Cyprus,United Kingdom,7
Cyprus,United States,6
Czech Republic,Australia,22
Czech Republic,Austria,12
Czech Republic,Belarus,1
Czech Republic,Belgium,4
Czech Republic,Brazil,1
Czech Republic,Bulgaria,1
Czech Republic,Canada,18
Czech Republic,China,2
Czech Republic,Croatia,1
Czech Republic,Czech Republic,109
Czech Republic,Denmark,2
Czech Republic,Estonia,1
Czech Republic,Finland,4
Czech Republic,France,38
Czech Republic,Georgia,1
Czech Republic,Germany,56
Czech Republic,Greece,3
Czech Republic,Iceland,1
Czech Republic,Ireland,3
Czech Republic,Italy,5
Czech Republic,Japan,25
Czech Republic,Mexico,4
Czech Republic,Netherlands,20
Czech Republic,New Zealand,3
Czech Republic,Norway,2
Czech Republic,Panama,2
Czech Republic,Poland,7
Czech Republic,Portugal,2
Czech Republic,South Korea,6
Czech Republic,Romania,1
Czech Republic,Russia,34
Czech Republic,Slovakia,12
Czech Republic,Slovenia,2
Czech Republic,Spain,5
Czech Republic,Sweden,5
Czech Republic,Switzerland,11
Czech Republic,Taiwan,2
Czech Republic,Thailand,1
Czech Republic,Turkey,1
Czech Republic,Ukraine,2
Czech Republic,United Kingdom,86
Czech Republic,United States,175
Côte d'Ivoire,Belgium,2
Côte d'Ivoire,Netherlands,1
Côte d'Ivoire,United Kingdom,1
Côte d'Ivoire,United States,8
Denmark,Armenia,9
Denmark,Australia,146
Denmark,Austria,17
Denmark,Belarus,2
Denmark,Belgium,32
Denmark,Brazil,10
Denmark,Bulgaria,1
Denmark,Canada,89
Denmark,Chile,6
Denmark,China,8
Denmark,Colombia,3
Denmark,Costa Rica,2
Denmark,Croatia,5
Denmark,Czech Republic,21
Denmark,Denmark,310
Denmark,Ecuador,2
Denmark,Egypt,1
Denmark,Estonia,8
Denmark,Faroe Islands,1
Denmark,Finland,20
Denmark,France,113
Denmark,Georgia,7
Denmark,Germany,381
Denmark,Greece,5
Denmark,Hungary,11
Denmark,Iceland,1
Denmark,India,12
Denmark,Indonesia,1
Denmark,Ireland,14
Denmark,Israel,10
Denmark,Italy,31
Denmark,Japan,74
Denmark,Kenya,1
Denmark,Latvia,1
Denmark,Lithuania,16
Denmark,Luxembourg,2
Denmark,ME,1
Denmark,Macao,2
Denmark,Malaysia,1
Denmark,Malta,2
Denmark,Mauritius,1
Denmark,Mexico,7
Denmark,Moldova,1
Denmark,Morocco,1
Denmark,Netherlands,66
Denmark,New Zealand,19
Denmark,Norway,36
Denmark,Panama,2
Denmark,Philippines,1
Denmark,Poland,22
Denmark,Portugal,14
Denmark,Qatar,1
Denmark,South Korea,12
Denmark,Reunion,1
Denmark,Romania,3
Denmark,Russia,52
Denmark,Senegal,1
Denmark,Serbia,1
Denmark,Singapore,3
Denmark,Slovakia,10
Denmark,Slovenia,1
Denmark,South Africa,9
Denmark,Spain,24
Denmark,Sweden,59
Denmark,Switzerland,64
Denmark,Taiwan,1
Denmark,Thailand,3
Denmark,Turkey,3
Denmark,Ukraine,7
Denmark,United Arab Emirates,3
Denmark,United Kingdom,365
Denmark,United States,714
Denmark,Uruguay,1
Denmark,Venezuela,1
Denmark,Wallis and Futuna,1
Dominican Republic,Australia,2
Dominican Republic,Belgium,2
Dominican Republic,Brazil,1
Dominican Republic,Canada,4
Dominican Republic,Chile,1
Dominican Republic,Dominican Republic,8
Dominican Republic,Finland,1
Dominican Republic,Georgia,1
Dominican Republic,Germany,5
Dominican Republic,Hong Kong,1
Dominican Republic,Italy,2
Dominican Republic,Japan,8
Dominican Republic,Netherlands,1
Dominican Republic,New Zealand,1
Dominican Republic,Poland,1
Dominican Republic,Turkey,1
Dominican Republic,United Kingdom,8
Dominican Republic,United States,26
Ecuador,Australia,13
Ecuador,Austria,2
Ecuador,Brazil,2
Ecuador,Canada,4
Ecuador,Colombia,1
Ecuador,Denmark,1
Ecuador,Ecuador,8
Ecuador,France,6
Ecuador,Germany,16
Ecuador,Hungary,1
Ecuador,Italy,1
Ecuador,Japan,5
Ecuador,Mexico,3
Ecuador,Netherlands,3
Ecuador,Norway,1
Ecuador,Portugal,2
Ecuador,Romania,2
Ecuador,Russia,2
Ecuador,Slovakia,1
Ecuador,Spain,3
Ecuador,Switzerland,5
Ecuador,United Kingdom,9
Ecuador,United States,56
Egypt,Australia,9
Egypt,Austria,1
Egypt,Belgium,4
Egypt,Canada,2
Egypt,Czech Republic,2
Egypt,Denmark,2
Egypt,Finland,2
Egypt,France,8
Egypt,Georgia,1
Egypt,Germany,14
Egypt,Greece,1
Egypt,Hungary,3
Egypt,Iceland,1
Egypt,Indonesia,1
Egypt,Ireland,2
Egypt,Israel,3
Egypt,Italy,2
Egypt,Japan,6
Egypt,Mexico,2
Egypt,Netherlands,9
Egypt,Poland,1
Egypt,Russia,3
Egypt,Spain,1
Egypt,Sweden,1
Egypt,Switzerland,6
Egypt,United Kingdom,18
Egypt,United States,36
Estonia,Australia,18
Estonia,Austria,2
Estonia,Belgium,4
Estonia,Brazil,1
Estonia,Canada,9
Estonia,Ecuador,2
Estonia,Estonia,44
Estonia,Finland,9
Estonia,France,12
Estonia,Georgia,1
Estonia,Germany,34
Estonia,Greece,2
Estonia,Honduras,1
Estonia,Hong Kong,2
Estonia,Hungary,2
Estonia,Iceland,2
Estonia,Ireland,2
Estonia,Italy,4
Estonia,Japan,5
Estonia,Jordan,1
Estonia,Latvia,1
Estonia,Lithuania,1
Estonia,Luxembourg,2
Estonia,Malaysia,3
Estonia,Netherlands,3
Estonia,New Zealand,4
Estonia,Norway,5
Estonia,Poland,1
Estonia,Qatar,1
Estonia,Russia,5
Estonia,Singapore,2
Estonia,Spain,3
Estonia,Sweden,4
Estonia,Switzerland,13
Estonia,Thailand,1
Estonia,Trinidad and Tobago,1
Estonia,United Kingdom,35
Estonia,United States,83
Estonia,Uruguay,1
Ethiopia,Australia,4
Ethiopia,Croatia,1
Ethiopia,Germany,1
Ethiopia,Italy,2
Ethiopia,Japan,2
Ethiopia,Spain,1
Ethiopia,Sweden,1
Ethiopia,United Kingdom,7
Ethiopia,United States,5
Faroe Islands,Australia,1
Faroe Islands,Austria,1
Faroe Islands,Brazil,1
Faroe Islands,Canada,2
Faroe Islands,Denmark,1
Faroe Islands,Finland,1
Faroe Islands,France,3
Faroe Islands,Germany,7
Faroe Islands,Netherlands,1
Faroe Islands,Norway,2
Faroe Islands,United States,8
Fiji,Australia,1
Fiji,Germany,1
Fiji,Kuwait,1
Fiji,Switzerland,1
Fiji,United Kingdom,3
Fiji,United States,20
Finland,Australia,140
Finland,Austria,32
Finland,Azerbaijan,1
Finland,Barbados,1
Finland,Belarus,1
Finland,Belgium,20
Finland,Brazil,10
Finland,Bulgaria,1
Finland,Canada,124
Finland,Chile,2
Finland,China,11
Finland,Colombia,1
Finland,Costa Rica,4
Finland,Croatia,2
Finland,Cyprus,1
Finland,Czech Republic,10
Finland,Denmark,16
Finland,Ecuador,3
Finland,Estonia,10
Finland,Finland,226
Finland,France,104
Finland,Georgia,2
Finland,Germany,277
Finland,Greece,16
Finland,Hong Kong,5
Finland,Hungary,7
Finland,Iceland,1
Finland,India,1
Finland,Indonesia,3
Finland,Ireland,16
Finland,Israel,6
Finland,Italy,36
Finland,Japan,136
Finland,Kazakhstan,1
Finland,Kenya,3
Finland,Kyrgyzstan,1
Finland,Latvia,4
Finland,Lithuania,7
Finland,Luxembourg,2
Finland,Malaysia,1
Finland,Malta,1
Finland,Mexico,11
Finland,Netherlands,50
Finland,New Zealand,23
Finland,Norway,24
Finland,Peru,1
Finland,Philippines,3
Finland,Poland,28
Finland,Portugal,6
Finland,Qatar,1
Finland,South Korea,14
Finland,Romania,10
Finland,Russia,53
Finland,Saudi Arabia,1
Finland,Serbia,1
Finland,Singapore,6
Finland,Slovakia,4
Finland,Slovenia,10
Finland,South Africa,3
Finland,Spain,26
Finland,Sweden,32
Finland,Switzerland,39
Finland,Taiwan,6
Finland,Thailand,3
Finland,Turkey,2
Finland,Ukraine,8
Finland,United Arab Emirates,2
Finland,United Kingdom,364
Finland,United States,1032
Finland,Uruguay,2
France,Albania,2
France,Algeria,1
France,Argentina,42
France,Armenia,15
France,Aruba,3
France,Australia,889
France,Austria,143
France,Bahrain,3
France,Bangladesh,2
France,Belarus,7
France,Belgium,341
France,Bolivia,3
France,Bosnia and Herzegovina,4
France,Botswana,1
France,Brazil,82
France,Brunei Darussalam,1
France,Bulgaria,21
France,Cambodia,1
France,Canada,606
France,Chile,73
France,China,52
France,Colombia,40
France,Costa Rica,16
France,Croatia,44
France,Cyprus,9
France,Czech Republic,121
France,Denmark,112
France,Dominican Republic,3
France,Ecuador,14
France,Egypt,2
France,El Salvador,2
France,Estonia,33
France,Faroe Islands,1
France,Finland,152
France,France,3471
France,French Guiana,1
France,Georgia,59
France,Germany,3136
France,Gibraltar,6
France,Greece,52
France,Guadeloupe,1
France,Guatemala,9
France,Guernsey,2
France,Honduras,1
France,Hong Kong,30
France,Hungary,82
France,Iceland,6
France,India,32
France,Indonesia,5
France,Ireland,210
France,Isle of Man,4
France,Israel,57
France,Italy,275
France,Japan,521
France,Jersey,8
France,Jordan,2
France,Kazakhstan,7
France,Kenya,1
France,Latvia,28
France,Lebanon,1
France,Liechtenstein,2
France,Lithuania,53
France,Luxembourg,35
France,ME,3
France,Macao,1
France,Macedonia,3
France,Malaysia,4
France,Malta,4
France,Martinique,2
France,Mauritius,6
France,Mexico,78
France,Moldova,3
France,Mongolia,2
France,Morocco,5
France,Netherlands,541
France,New Caledonia,3
France,New Zealand,98
France,Norway,110
France,Oman,2
France,Pakistan,2
France,Panama,4
France,Paraguay,4
France,Peru,25
France,Philippines,5
France,Poland,261
France,Portugal,71
France,Qatar,2
France,South Korea,92
France,Reunion,7
France,Romania,42
France,Russia,247
France,Saudi Arabia,2
France,Senegal,1
France,Serbia,23
France,Singapore,22
France,Slovakia,32
France,Slovenia,53
France,South Africa,47
France,Spain,350
France,Sweden,166
France,Switzerland,506
France,Taiwan,42
France,Thailand,20
France,Trinidad and Tobago,2
France,Turkey,24
France,Uganda,1
France,Ukraine,46
France,United Arab Emirates,10
France,United Kingdom,2292
France,United States,3876
France,Uruguay,12
France,Vietnam,9
France,XK,3
France,Zambia,1
Georgia,Argentina,2
Georgia,Australia,26
Georgia,Austria,3
Georgia,Belarus,1
Georgia,Belgium,5
Georgia,Brazil,1
Georgia,Bulgaria,1
Georgia,Canada,8
Georgia,Costa Rica,1
Georgia,Czech Republic,1
Georgia,Denmark,3
Georgia,Dominican Republic,1
Georgia,Ecuador,1
Georgia,Egypt,1
Georgia,Estonia,3
Georgia,Finland,2
Georgia,France,28
Georgia,Georgia,16
Georgia,Germany,56
Georgia,Greece,1
Georgia,Hong Kong,1
Georgia,Hungary,4
Georgia,Iceland,1
Georgia,India,1
Georgia,Ireland,6
Georgia,Israel,1
Georgia,Italy,3
Georgia,Japan,6
Georgia,Latvia,2
Georgia,Lithuania,4
Georgia,Netherlands,9
Georgia,New Zealand,3
Georgia,Norway,1
Georgia,Poland,4
Georgia,Portugal,3
Georgia,Romania,2
Georgia,Russia,9
Georgia,Saudi Arabia,1
Georgia,Singapore,1
Georgia,South Africa,2
Georgia,Spain,10
Georgia,Sweden,1
Georgia,Switzerland,10
Georgia,Thailand,2
Georgia,Trinidad and Tobago,1
Georgia,Ukraine,3
Georgia,United Kingdom,45
Georgia,United States,44
Georgia,Uruguay,1
Germany,Argentina,60
Germany,Armenia,10
Germany,Aruba,6
Germany,Australia,1582
Germany,Austria,359
Germany,Azerbaijan,1
Germany,Bahrain,6
Germany,Belarus,9
Germany,Belgium,428
Germany,Bolivia,3
Germany,Bosnia and Herzegovina,2
Germany,Brazil,137
Germany,Brunei Darussalam,1
Germany,Bulgaria,26
Germany,Cambodia,1
Germany,Canada,922
Germany,Chile,85
Germany,China,129
Germany,Colombia,39
Germany,Costa Rica,16
Germany,Croatia,56
Germany,Cyprus,20
Germany,Czech Republic,174
Germany,Denmark,182
Germany,Ecuador,17
Germany,Egypt,7
Germany,Estonia,81
Germany,Falkland Islands (Malvinas),1
Germany,Faroe Islands,2
Germany,Finland,270
Germany,France,1670
Germany,Gabon,1
Germany,Georgia,77
Germany,Germany,8395
Germany,Greece,115
Germany,Greenland,1
Germany,Guatemala,4
Germany,Honduras,7
Germany,Hong Kong,27
Germany,Hungary,120
Germany,Iceland,17
Germany,India,41
Germany,Indonesia,15
Germany,Ireland,275
Germany,Isle of Man,6
Germany,Israel,176
Germany,Italy,430
Germany,Japan,1091
Germany,Jersey,9
Germany,Jordan,9
Germany,Kazakhstan,9
Germany,Kenya,8
Germany,Kuwait,2
Germany,Lao People's Democratic Republic,1
Germany,Latvia,41
Germany,Lebanon,8
Germany,Liechtenstein,1
Germany,Lithuania,92
Germany,Luxembourg,29
Germany,ME,1
Germany,Macao,6
Germany,Macedonia,8
Germany,Malaysia,5
Germany,Malta,15
Germany,Mauritius,13
Germany,Mexico,137
Germany,Moldova,2
Germany,Monaco,1
Germany,Mongolia,3
Germany,Morocco,5
Germany,Namibia,3
Germany,Netherlands,894
Germany,New Caledonia,6
Germany,New Zealand,214
Germany,Nicaragua,1
Germany,Norway,240
Germany,Oman,5
Germany,Pakistan,1
Germany,Palestinian Territory,1
Germany,Panama,8
Germany,Paraguay,2
Germany,Peru,15
Germany,Philippines,13
Germany,Poland,361
Germany,Portugal,128
Germany,Puerto Rico,1
Germany,Qatar,6
Germany,South Korea,154
Germany,Reunion,5
Germany,Romania,74
Germany,Russia,502
Germany,Saudi Arabia,11
Germany,Serbia,26
Germany,Singapore,39
Germany,Slovakia,46
Germany,Slovenia,51
Germany,South Africa,97
Germany,Spain,517
Germany,Swaziland,1
Germany,Sweden,324
Germany,Switzerland,975
Germany,Taiwan,57
Germany,Thailand,18
Germany,Trinidad and Tobago,17
Germany,Tunisia,2
Germany,Turkey,41
Germany,Uganda,2
Germany,Ukraine,97
Germany,United Arab Emirates,26
Germany,United Kingdom,4179
Germany,United States,7207
Germany,Uruguay,26
Germany,Vietnam,13
Germany,Wallis and Futuna,1
Germany,XK,5
Germany,Åland Islands,1
Ghana,Australia,3
Ghana,Austria,2
Ghana,China,1
Ghana,Canada,5
Ghana,Croatia,1
Ghana,Cyprus,1
Ghana,Finland,3
Ghana,France,12
Ghana,Germany,14
Ghana,Hungary,1
Ghana,Ireland,2
Ghana,Israel,2
Ghana,Italy,3
Ghana,Japan,6
Ghana,Netherlands,3
Ghana,New Zealand,1
Ghana,Norway,1
Ghana,Spain,2
Ghana,Sweden,1
Ghana,Switzerland,1
Ghana,United Kingdom,25
Ghana,United States,35
Greece,Argentina,4
Greece,Aruba,1
Greece,Australia,90
Greece,Austria,26
Greece,Bahrain,3
Greece,Belarus,2
Greece,Belgium,30
Greece,Bolivia,1
Greece,Brazil,15
Greece,Bulgaria,3
Greece,China,4
Greece,Canada,97
Greece,Chile,5
Greece,Colombia,3
Greece,Costa Rica,2
Greece,Côte d'Ivoire,1
Greece,Croatia,12
Greece,Cyprus,7
Greece,Czech Republic,8
Greece,Denmark,15
Greece,Estonia,6
Greece,Finland,25
Greece,France,135
Greece,Georgia,1
Greece,Germany,273
Greece,Greece,293
Greece,Guatemala,1
Greece,Hong Kong,2
Greece,Hungary,7
Greece,Iceland,2
Greece,India,4
Greece,Indonesia,1
Greece,Ireland,8
Greece,Israel,14
Greece,Italy,48
Greece,Japan,56
Greece,Jersey,1
Greece,Kazakhstan,1
Greece,Latvia,5
Greece,Lithuania,7
Greece,Luxembourg,4
Greece,Macedonia,1
Greece,Malta,2
Greece,Mexico,11
Greece,Moldova,2
Greece,Monaco,2
Greece,Netherlands,44
Greece,New Zealand,15
Greece,Norway,14
Greece,Oman,1
Greece,Peru,1
Greece,Philippines,3
Greece,Poland,27
Greece,Portugal,9
Greece,Qatar,2
Greece,South Korea,7
Greece,Romania,17
Greece,Russia,50
Greece,Saudi Arabia,1
Greece,Serbia,6
Greece,Singapore,4
Greece,Slovakia,3
Greece,South Africa,4
Greece,Spain,38
Greece,Sweden,23
Greece,Switzerland,58
Greece,Taiwan,1
Greece,Thailand,1
Greece,Turkey,14
Greece,Ukraine,6
Greece,United Arab Emirates,5
Greece,United Kingdom,274
Greece,United States,786
Greenland,Australia,2
Greenland,Austria,1
Greenland,Belgium,1
Greenland,Canada,3
Greenland,Chile,1
Greenland,Finland,1
Greenland,France,3
Greenland,Germany,6
Greenland,Ireland,1
Greenland,Italy,1
Greenland,Japan,1
Greenland,Netherlands,5
Greenland,New Zealand,2
Greenland,Poland,1
Greenland,Spain,2
Greenland,Sweden,1
Greenland,Switzerland,2
Greenland,United Kingdom,29
Greenland,United States,22
Guatemala,Argentina,2
Guatemala,Australia,7
Guatemala,Austria,1
Guatemala,Bulgaria,1
Guatemala,Canada,9
Guatemala,Costa Rica,2
Guatemala,Denmark,2
Guatemala,Dominican Republic,1
Guatemala,Estonia,1
Guatemala,France,2
Guatemala,Germany,26
Guatemala,Guatemala,9
Guatemala,Israel,3
Guatemala,Italy,1
Guatemala,Netherlands,12
Guatemala,Norway,1
Guatemala,Russia,7
Guatemala,South Africa,3
Guatemala,Spain,3
Guatemala,Sweden,3
Guatemala,Switzerland,8
Guatemala,Trinidad and Tobago,1
Guatemala,Turkey,1
Guatemala,United Kingdom,10
Guatemala,United States,30
Guatemala,Uruguay,1
Hong Kong,Argentina,1
Hong Kong,Australia,48
Hong Kong,Austria,6
Hong Kong,Bahrain,1
Hong Kong,Belgium,11
Hong Kong,Brazil,5
Hong Kong,Cambodia,7
Hong Kong,Canada,35
Hong Kong,Chile,2
Hong Kong,China,12
Hong Kong,Colombia,2
Hong Kong,Croatia,1
Hong Kong,Czech Republic,1
Hong Kong,Denmark,1
Hong Kong,Estonia,4
Hong Kong,Finland,16
Hong Kong,France,41
Hong Kong,Georgia,2
Hong Kong,Germany,57
Hong Kong,Greece,2
Hong Kong,Hong Kong,56
Hong Kong,Indonesia,3
Hong Kong,Ireland,1
Hong Kong,Israel,4
Hong Kong,Italy,7
Hong Kong,Japan,79
Hong Kong,Kazakhstan,2
Hong Kong,Latvia,1
Hong Kong,Lithuania,3
Hong Kong,ME,1
Hong Kong,Malaysia,1
Hong Kong,Mexico,5
Hong Kong,Netherlands,23
Hong Kong,New Zealand,4
Hong Kong,Norway,2
Hong Kong,Palestinian Territory,1
Hong Kong,Philippines,1
Hong Kong,Poland,10
Hong Kong,Portugal,4
Hong Kong,South Korea,7
Hong Kong,Russia,14
Hong Kong,Serbia,1
Hong Kong,Singapore,2
Hong Kong,Slovakia,2
Hong Kong,Slovenia,2
Hong Kong,South Africa,2
Hong Kong,Spain,8
Hong Kong,Sweden,8
Hong Kong,Switzerland,8
Hong Kong,Taiwan,6
Hong Kong,Thailand,7
Hong Kong,Tunisia,1
Hong Kong,Turkey,1
Hong Kong,Ukraine,1
Hong Kong,United Arab Emirates,1
Hong Kong,United Kingdom,118
Hong Kong,United States,524
Hong Kong,Uruguay,1
Hungary,Argentina,1
Hungary,Australia,44
Hungary,Austria,16
Hungary,Belgium,9
Hungary,Brazil,2
Hungary,Bulgaria,2
Hungary,Canada,37
Hungary,Chile,1
Hungary,China,3
Hungary,Colombia,2
Hungary,Croatia,3
Hungary,Cyprus,1
Hungary,Czech Republic,6
Hungary,Denmark,11
Hungary,Finland,9
Hungary,France,61
Hungary,Georgia,4
Hungary,Germany,124
Hungary,Gibraltar,1
Hungary,Greece,1
Hungary,Hong Kong,1
Hungary,Hungary,95
Hungary,Indonesia,1
Hungary,Ireland,4
Hungary,Israel,6
Hungary,Italy,13
Hungary,Japan,27
Hungary,Kyrgyzstan,1
Hungary,Lithuania,1
Hungary,Macao,2
Hungary,Mexico,4
Hungary,Moldova,1
Hungary,Netherlands,18
Hungary,New Zealand,12
Hungary,Norfolk Island,1
Hungary,Norway,3
Hungary,Poland,10
Hungary,Portugal,1
Hungary,South Korea,3
Hungary,Romania,9
Hungary,Russia,18
Hungary,Serbia,2
Hungary,Singapore,2
Hungary,Slovakia,1
Hungary,Slovenia,2
Hungary,South Africa,4
Hungary,Spain,17
Hungary,Sweden,4
Hungary,Switzerland,23
Hungary,Taiwan,2
Hungary,Turkey,2
Hungary,Ukraine,6
Hungary,United Arab Emirates,1
Hungary,United Kingdom,105
Hungary,United States,291
Hungary,Uruguay,1
Hungary,Vietnam,2
Iceland,Australia,34
Iceland,Austria,6
Iceland,Belgium,12
Iceland,Brazil,4
Iceland,Canada,45
Iceland,Chile,3
Iceland,China,4
Iceland,Colombia,2
Iceland,Costa Rica,1
Iceland,Croatia,1
Iceland,Czech Republic,2
Iceland,Denmark,6
Iceland,Estonia,1
Iceland,Finland,8
Iceland,France,32
Iceland,Georgia,1
Iceland,Germany,116
Iceland,Greece,5
Iceland,Hong Kong,1
Iceland,Hungary,2
Iceland,Iceland,32
Iceland,Indonesia,1
Iceland,Ireland,6
Iceland,Israel,2
Iceland,Italy,14
Iceland,Japan,20
Iceland,Kenya,2
Iceland,Latvia,1
Iceland,Lithuania,2
Iceland,Mexico,2
Iceland,Netherlands,31
Iceland,New Zealand,7
Iceland,Norway,11
Iceland,Poland,13
Iceland,Portugal,6
Iceland,South Korea,2
Iceland,Russia,8
Iceland,Saudi Arabia,1
Iceland,Slovakia,1
Iceland,Slovenia,4
Iceland,South Africa,2
Iceland,Spain,12
Iceland,Sweden,13
Iceland,Switzerland,21
Iceland,Turkey,1
Iceland,Ukraine,1
Iceland,United Kingdom,156
Iceland,United States,310
India,Australia,47
India,Austria,16
India,Bahrain,3
India,Bangladesh,1
India,Belarus,1
India,Belgium,4
India,Brazil,2
India,Bulgaria,1
India,Canada,22
India,Chile,5
India,Colombia,1
India,Costa Rica,1
India,Cyprus,6
India,Czech Republic,8
India,Denmark,5
India,Dominican Republic,1
India,Estonia,1
India,Finland,5
India,France,41
India,Georgia,5
India,Germany,118
India,Greece,4
India,Guatemala,1
India,Hong Kong,3
India,Hungary,7
India,India,86
India,Indonesia,3
India,Ireland,10
India,Israel,11
India,Italy,10
India,Japan,50
India,Kazakhstan,2
India,Lebanon,1
India,Lithuania,3
India,Luxembourg,1
India,Malaysia,1
India,Mauritius,1
India,Mexico,18
India,Netherlands,15
India,New Zealand,2
India,Norway,12
India,Oman,1
India,Pakistan,1
India,Poland,8
India,Portugal,2
India,Romania,1
India,Russia,17
India,Saudi Arabia,2
India,Singapore,2
India,Slovenia,1
India,South Africa,4
India,Spain,8
India,Sweden,10
India,Switzerland,21
India,Taiwan,1
India,Turkey,1
India,Ukraine,1
India,United Arab Emirates,5
India,United Kingdom,86
India,United States,166
Indonesia,Australia,26
Indonesia,Austria,1
Indonesia,Belgium,4
Indonesia,Brazil,6
Indonesia,Bulgaria,1
Indonesia,Canada,17
Indonesia,China,3
Indonesia,Costa Rica,1
Indonesia,Czech Republic,1
Indonesia,Estonia,1
Indonesia,Finland,1
Indonesia,France,22
Indonesia,Georgia,1
Indonesia,Germany,44
Indonesia,Greece,1
Indonesia,Hong Kong,4
Indonesia,Indonesia,25
Indonesia,Ireland,4
Indonesia,Israel,1
Indonesia,Italy,7
Indonesia,Japan,34
Indonesia,Lithuania,7
Indonesia,Malaysia,4
Indonesia,Mexico,1
Indonesia,Netherlands,8
Indonesia,New Zealand,2
Indonesia,Norway,5
Indonesia,Philippines,3
Indonesia,Poland,3
Indonesia,South Korea,4
Indonesia,Russia,2
Indonesia,Serbia,1
Indonesia,Singapore,12
Indonesia,Slovakia,1
Indonesia,Spain,7
Indonesia,Switzerland,7
Indonesia,Taiwan,1
Indonesia,Thailand,3
Indonesia,United Kingdom,46
Indonesia,United States,152
Iran,Australia,10
Iran,Austria,4
Iran,Belgium,1
Iran,Canada,10
Iran,Costa Rica,2
Iran,Denmark,2
Iran,Estonia,1
Iran,Finland,1
Iran,France,8
Iran,Germany,19
Iran,Guadeloupe,1
Iran,Hungary,1
Iran,Ireland,2
Iran,Italy,4
Iran,Japan,3
Iran,Malaysia,1
Iran,Mexico,2
Iran,Netherlands,8
Iran,New Zealand,1
Iran,Norway,2
Iran,Philippines,2
Iran,Poland,1
Iran,Portugal,1
Iran,Romania,1
Iran,Russia,3
Iran,South Africa,4
Iran,Spain,2
Iran,Sweden,6
Iran,Switzerland,1
Iran,Taiwan,1
Iran,Thailand,1
Iran,Turkey,1
Iran,United Kingdom,22
Iran,United States,94
Ireland,Australia,114
Ireland,Austria,12
Ireland,Bahrain,1
Ireland,Belgium,17
Ireland,Bosnia and Herzegovina,1
Ireland,Brazil,5
Ireland,Bulgaria,2
Ireland,Canada,72
Ireland,Chile,2
Ireland,China,7
Ireland,Colombia,2
Ireland,Croatia,6
Ireland,Czech Republic,9
Ireland,Denmark,9
Ireland,Ecuador,1
Ireland,Egypt,1
Ireland,Estonia,6
Ireland,Finland,12
Ireland,France,64
Ireland,Georgia,3
Ireland,Germany,179
Ireland,Greece,5
Ireland,Guatemala,1
Ireland,Hong Kong,1
Ireland,Hungary,9
Ireland,Iceland,1
Ireland,India,1
Ireland,Ireland,662
Ireland,Isle of Man,1
Ireland,Israel,3
Ireland,Italy,21
Ireland,Japan,51
Ireland,Jersey,2
Ireland,Lebanon,1
Ireland,Lithuania,6
Ireland,Luxembourg,2
Ireland,Mexico,8
Ireland,Netherlands,51
Ireland,New Zealand,17
Ireland,Norway,12
Ireland,Peru,1
Ireland,Poland,18
Ireland,Portugal,4
Ireland,South Korea,9
Ireland,Romania,1
Ireland,Russia,15
Ireland,Serbia,1
Ireland,Seychelles,1
Ireland,Slovakia,4
Ireland,Slovenia,1
Ireland,South Africa,2
Ireland,Spain,31
Ireland,Sweden,16
Ireland,Switzerland,31
Ireland,Tunisia,2
Ireland,Turkey,1
Ireland,Ukraine,6
Ireland,United Arab Emirates,1
Ireland,United Kingdom,532
Ireland,United States,560
Isle of Man,Australia,1
Isle of Man,Canada,1
Isle of Man,Japan,2
Isle of Man,United Kingdom,9
Isle of Man,United States,5
Israel,Albania,1
Israel,Argentina,1
Israel,Armenia,1
Israel,Australia,54
Israel,Austria,8
Israel,Belgium,12
Israel,Brazil,5
Israel,Bulgaria,1
Israel,China,1
Israel,Canada,35
Israel,Chile,1
Israel,Colombia,3
Israel,Czech Republic,6
Israel,Denmark,12
Israel,Finland,10
Israel,France,40
Israel,Georgia,1
Israel,Germany,139
Israel,Greece,9
Israel,Hong Kong,1
Israel,Hungary,4
Israel,Iceland,1
Israel,India,2
Israel,Indonesia,2
Israel,Israel,331
Israel,Italy,19
Israel,Japan,41
Israel,Lithuania,8
Israel,Luxembourg,1
Israel,Malaysia,1
Israel,Mexico,11
Israel,Netherlands,19
Israel,New Caledonia,1
Israel,New Zealand,5
Israel,Norway,5
Israel,Poland,8
Israel,Portugal,6
Israel,South Korea,3
Israel,Reunion,1
Israel,Romania,3
Israel,Russia,17
Israel,Serbia,1
Israel,Slovakia,3
Israel,Slovenia,2
Israel,South Africa,8
Israel,Spain,12
Israel,Sweden,9
Israel,Switzerland,31
Israel,Taiwan,2
Israel,Thailand,1
Israel,Turkey,2
Israel,Ukraine,2
Israel,United Arab Emirates,1
Israel,United Kingdom,128
Israel,United States,266
Israel,Vietnam,5
Italy,Argentina,19
Italy,Aruba,1
Italy,Australia,310
Italy,Austria,48
Italy,Bahrain,1
Italy,Belarus,3
Italy,Belgium,125
Italy,Benin,1
Italy,Bermuda,1
Italy,Bosnia and Herzegovina,1
Italy,Brazil,25
Italy,Bulgaria,11
Italy,Canada,187
Italy,Chile,24
Italy,China,36
Italy,Colombia,13
Italy,Costa Rica,3
Italy,Croatia,19
Italy,Cyprus,5
Italy,Czech Republic,51
Italy,Denmark,34
Italy,Ecuador,7
Italy,Estonia,11
Italy,Finland,75
Italy,France,478
Italy,Georgia,22
Italy,Germany,1007
Italy,Gibraltar,1
Italy,Greece,29
Italy,Guatemala,3
Italy,Hong Kong,6
Italy,Hungary,27
Italy,Iceland,3
Italy,India,12
Italy,Indonesia,7
Italy,Ireland,56
Italy,Isle of Man,1
Italy,Israel,25
Italy,Italy,546
Italy,Jamaica,1
Italy,Japan,262
Italy,Jersey,4
Italy,Jordan,1
Italy,Kazakhstan,4
Italy,Kuwait,1
Italy,Kyrgyzstan,1
Italy,Latvia,11
Italy,Lithuania,22
Italy,Luxembourg,6
Italy,ME,1
Italy,Macao,3
Italy,Macedonia,2
Italy,Malaysia,5
Italy,Malta,4
Italy,Mauritius,2
Italy,Mexico,44
Italy,Morocco,2
Italy,Netherlands,175
Italy,New Zealand,40
Italy,Nicaragua,1
Italy,Norfolk Island,1
Italy,Norway,56
Italy,Panama,3
Italy,Peru,2
Italy,Philippines,1
Italy,Poland,87
Italy,Portugal,24
Italy,Puerto Rico,1
Italy,Qatar,2
Italy,South Korea,37
Italy,Reunion,2
Italy,Romania,32
Italy,Russia,122
Italy,Saudi Arabia,1
Italy,Senegal,1
Italy,Serbia,7
Italy,Singapore,6
Italy,Slovakia,16
Italy,Slovenia,12
Italy,South Africa,11
Italy,Spain,124
Italy,Sri Lanka,1
Italy,Sweden,66
Italy,Switzerland,171
Italy,Taiwan,13
Italy,Thailand,2
Italy,Tunisia,1
Italy,Turkey,13
Italy,Ukraine,24
Italy,United Arab Emirates,6
Italy,United Kingdom,872
Italy,United States,1641
Italy,Uruguay,5
Italy,Vatican City,1
Italy,Venezuela,1
Italy,Vietnam,2
Italy,XK,1
Jamaica,Australia,20
Jamaica,Austria,1
Jamaica,Belgium,6
Jamaica,Canada,14
Jamaica,Croatia,3
Jamaica,Denmark,3
Jamaica,Finland,3
Jamaica,France,20
Jamaica,Germany,29
Jamaica,Gibraltar,2
Jamaica,Hong Kong,2
Jamaica,Iceland,1
Jamaica,Ireland,4
Jamaica,Israel,1
Jamaica,Italy,9
Jamaica,Jamaica,3
Jamaica,Japan,22
Jamaica,Mauritius,1
Jamaica,Netherlands,5
Jamaica,New Zealand,6
Jamaica,Norway,1
Jamaica,Poland,2
Jamaica,Qatar,1
Jamaica,Russia,1
Jamaica,Slovenia,1
Jamaica,Spain,8
Jamaica,Sweden,2
Jamaica,Switzerland,3
Jamaica,Taiwan,1
Jamaica,Thailand,1
Jamaica,Ukraine,1
Jamaica,United Kingdom,93
Jamaica,United States,117
Japan,Argentina,7
Japan,Australia,330
Japan,Austria,20
Japan,Belarus,2
Japan,Belgium,60
Japan,Bermuda,1
Japan,Brazil,19
Japan,Brunei Darussalam,3
Japan,Bulgaria,3
Japan,Canada,327
Japan,Chile,13
Japan,China,112
Japan,Colombia,2
Japan,Costa Rica,4
Japan,Croatia,6
Japan,Czech Republic,20
Japan,Denmark,37
Japan,Ecuador,1
Japan,Egypt,1
Japan,Estonia,4
Japan,Faroe Islands,2
Japan,Finland,37
Japan,France,211
Japan,Georgia,4
Japan,Germany,404
Japan,Greece,12
Japan,Hong Kong,25
Japan,Hungary,6
Japan,Iceland,3
Japan,India,6
Japan,Indonesia,20
Japan,Ireland,38
Japan,Israel,21
Japan,Italy,65
Japan,Japan,3022
Japan,Jordan,1
Japan,Kazakhstan,3
Japan,Kuwait,1
Japan,Latvia,3
Japan,Lebanon,1
Japan,Lithuania,20
Japan,Macedonia,2
Japan,Malaysia,11
Japan,Mexico,53
Japan,Morocco,2
Japan,Netherlands,93
Japan,New Zealand,32
Japan,Norway,37
Japan,Palestinian Territory,2
Japan,Peru,5
Japan,Philippines,7
Japan,Poland,38
Japan,Portugal,19
Japan,Puerto Rico,1
Japan,Qatar,2
Japan,South Korea,168
Japan,Reunion,1
Japan,Romania,5
Japan,Russia,54
Japan,Saudi Arabia,4
Japan,Serbia,5
Japan,Singapore,35
Japan,Slovakia,10
Japan,South Africa,7
Japan,Spain,50
Japan,Sweden,63
Japan,Switzerland,67
Japan,Taiwan,39
Japan,Thailand,26
Japan,Trinidad and Tobago,1
Japan,Turkey,4
Japan,Ukraine,8
Japan,United Arab Emirates,6
Japan,United Kingdom,780
Japan,United States,3537
Japan,Venezuela,1
Japan,Vietnam,5
Jersey,Australia,2
Jersey,Canada,2
Jersey,France,1
Jersey,Germany,2
Jersey,Japan,4
Jersey,Netherlands,2
Jersey,Philippines,1
Jersey,Spain,1
Jersey,United Kingdom,4
Jersey,United States,19
Kenya,Australia,18
Kenya,Austria,1
Kenya,China,1
Kenya,Canada,5
Kenya,Chile,1
Kenya,Czech Republic,1
Kenya,France,11
Kenya,Germany,27
Kenya,Greece,1
Kenya,Hong Kong,1
Kenya,Hungary,1
Kenya,Ireland,3
Kenya,Israel,1
Kenya,Italy,3
Kenya,Japan,4
Kenya,Kenya,7
Kenya,Mexico,1
Kenya,Netherlands,4
Kenya,New Zealand,2
Kenya,Norway,2
Kenya,Poland,2
Kenya,South Korea,2
Kenya,Spain,6
Kenya,Sweden,3
Kenya,Switzerland,7
Kenya,Taiwan,1
Kenya,United Kingdom,38
Kenya,United States,134
Kenya,Uruguay,1
Kuwait,Australia,4
Kuwait,Austria,4
Kuwait,Canada,1
Kuwait,Czech Republic,1
Kuwait,France,1
Kuwait,Hong Kong,1
Kuwait,Taiwan,2
Kuwait,United States,5
Kyrgyzstan,Australia,3
Kyrgyzstan,Austria,2
Kyrgyzstan,China,5
Kyrgyzstan,Finland,1
Kyrgyzstan,France,2
Kyrgyzstan,Germany,4
Kyrgyzstan,Japan,9
Kyrgyzstan,Lao People's Democratic Republic,2
Kyrgyzstan,South Korea,1
Kyrgyzstan,Reunion,4
Kyrgyzstan,Russia,5
Kyrgyzstan,Slovenia,2
Kyrgyzstan,Sweden,1
Kyrgyzstan,Switzerland,2
Kyrgyzstan,United Kingdom,1
Kyrgyzstan,United States,4
Latvia,Australia,7
Latvia,Austria,2
Latvia,Belgium,2
Latvia,Brazil,1
Latvia,China,1
Latvia,Canada,8
Latvia,Colombia,1
Latvia,Denmark,3
Latvia,Estonia,3
Latvia,Finland,4
Latvia,France,8
Latvia,Georgia,1
Latvia,Germany,26
Latvia,Greece,1
Latvia,Hungary,2
Latvia,India,1
Latvia,Ireland,1
Latvia,Israel,3
Latvia,Italy,5
Latvia,Japan,4
Latvia,Latvia,59
Latvia,Mexico,1
Latvia,Netherlands,7
Latvia,New Zealand,2
Latvia,Norway,1
Latvia,Peru,1
Latvia,Poland,2
Latvia,South Korea,1
Latvia,Romania,1
Latvia,Russia,23
Latvia,Slovakia,1
Latvia,Slovenia,3
Latvia,South Africa,3
Latvia,Spain,1
Latvia,Sweden,3
Latvia,Switzerland,3
Latvia,Taiwan,1
Latvia,United Kingdom,25
Latvia,United States,70
Lebanon,Australia,5
Lebanon,Belgium,8
Lebanon,Bulgaria,1
Lebanon,Canada,3
Lebanon,Chile,1
Lebanon,Croatia,1
Lebanon,Czech Republic,5
Lebanon,Denmark,3
Lebanon,Egypt,1
Lebanon,Finland,1
Lebanon,France,13
Lebanon,Germany,16
Lebanon,Greece,1
Lebanon,Hungary,1
Lebanon,India,1
Lebanon,Ireland,1
Lebanon,Israel,2
Lebanon,Italy,6
Lebanon,Japan,5
Lebanon,Jordan,1
Lebanon,Lebanon,4
Lebanon,Luxembourg,1
Lebanon,Mexico,2
Lebanon,Netherlands,7
Lebanon,New Zealand,1
Lebanon,Poland,4
Lebanon,Portugal,2
Lebanon,Puerto Rico,1
Lebanon,Russia,1
Lebanon,Serbia,1
Lebanon,Spain,6
Lebanon,Sweden,2
Lebanon,Switzerland,5
Lebanon,Turkey,1
Lebanon,United Arab Emirates,3
Lebanon,United Kingdom,29
Lebanon,United States,85
Lithuania,Australia,15
Lithuania,Austria,4
Lithuania,Bahrain,2
Lithuania,Belarus,1
Lithuania,Belgium,4
Lithuania,Bosnia and Herzegovina,1
Lithuania,Brazil,1
Lithuania,China,2
Lithuania,Canada,13
Lithuania,Chile,2
Lithuania,Colombia,2
Lithuania,Croatia,1
Lithuania,Czech Republic,4
Lithuania,Estonia,2
Lithuania,Finland,7
Lithuania,France,19
Lithuania,Georgia,1
Lithuania,Germany,39
Lithuania,Greece,1
Lithuania,Hong Kong,1
Lithuania,Ireland,3
Lithuania,Israel,2
Lithuania,Italy,3
Lithuania,Japan,9
Lithuania,Latvia,1
Lithuania,Lithuania,38
Lithuania,Mexico,3
Lithuania,Netherlands,12
Lithuania,New Zealand,1
Lithuania,Norway,4
Lithuania,Poland,7
Lithuania,Portugal,1
Lithuania,South Korea,2
Lithuania,Romania,2
Lithuania,Russia,14
Lithuania,Serbia,1
Lithuania,Slovenia,1
Lithuania,South Africa,1
Lithuania,Spain,6
Lithuania,Sweden,3
Lithuania,Switzerland,18
Lithuania,Taiwan,2
Lithuania,Thailand,2
Lithuania,Ukraine,1
Lithuania,United Kingdom,62
Lithuania,United States,66
Luxembourg,Belgium,1
Luxembourg,Czech Republic,1
Luxembourg,Finland,1
Luxembourg,Germany,3
Luxembourg,Japan,2
Luxembourg,Luxembourg,9
Luxembourg,Qatar,1
Luxembourg,Slovenia,1
Luxembourg,Spain,1
Luxembourg,Switzerland,1
Luxembourg,United Kingdom,3
Luxembourg,United States,14
Malaysia,Australia,2
Malaysia,Austria,1
Malaysia,Belgium,1
Malaysia,Canada,3
Malaysia,Czech Republic,1
Malaysia,France,1
Malaysia,Germany,6
Malaysia,Japan,7
Malaysia,Luxembourg,1
Malaysia,Malaysia,11
Malaysia,Philippines,1
Malaysia,Portugal,1
Malaysia,Singapore,2
Malaysia,Sweden,1
Malaysia,Switzerland,1
Malaysia,United Kingdom,3
Malaysia,United States,34
Mali,Australia,7
Mali,Austria,1
Mali,Canada,2
Mali,France,3
Mali,Germany,9
Mali,Netherlands,3
Mali,New Zealand,1
Mali,Norway,1
Mali,Poland,2
Mali,Portugal,1
Mali,Switzerland,2
Mali,United Kingdom,13
Mali,United States,27
Malta,Australia,2
Malta,Austria,1
Malta,Canada,3
Malta,France,2
Malta,Germany,9
Malta,Ireland,1
Malta,Japan,3
Malta,Macao,1
Malta,Malta,4
Malta,Norway,1
Malta,Switzerland,1
Malta,United Kingdom,7
Malta,United States,17
Mexico,Argentina,4
Mexico,Australia,66
Mexico,Austria,13
Mexico,Belgium,18
Mexico,Brazil,18
Mexico,Bulgaria,3
Mexico,China,3
Mexico,Canada,53
Mexico,Chile,10
Mexico,Colombia,7
Mexico,Costa Rica,2
Mexico,Croatia,4
Mexico,Czech Republic,12
Mexico,Denmark,9
Mexico,Ecuador,1
Mexico,Estonia,2
Mexico,Finland,8
Mexico,France,88
Mexico,Georgia,4
Mexico,Germany,232
Mexico,Greece,8
Mexico,Guatemala,3
Mexico,Honduras,1
Mexico,Hungary,11
Mexico,Iceland,2
Mexico,India,3
Mexico,Indonesia,1
Mexico,Ireland,8
Mexico,Israel,13
Mexico,Italy,26
Mexico,Japan,58
Mexico,Jordan,1
Mexico,Kazakhstan,2
Mexico,Latvia,2
Mexico,Lithuania,9
Mexico,Luxembourg,1
Mexico,Malta,1
Mexico,Mexico,214
Mexico,Netherlands,37
Mexico,New Zealand,14
Mexico,Nicaragua,1
Mexico,Norway,11
Mexico,Panama,2
Mexico,Peru,2
Mexico,Poland,23
Mexico,Portugal,9
Mexico,Puerto Rico,1
Mexico,South Korea,8
Mexico,Reunion,1
Mexico,Romania,6
Mexico,Russia,33
Mexico,Saudi Arabia,2
Mexico,Serbia,1
Mexico,Singapore,2
Mexico,Slovakia,6
Mexico,Slovenia,8
Mexico,South Africa,6
Mexico,Spain,39
Mexico,Sweden,22
Mexico,Switzerland,50
Mexico,Taiwan,6
Mexico,Thailand,2
Mexico,Turkey,4
Mexico,Ukraine,7
Mexico,United Arab Emirates,2
Mexico,United Kingdom,186
Mexico,United States,644
Mexico,Uruguay,4
Mexico,Venezuela,1
Mexico,XK,1
Mexico,Åland Islands,3
Moldova,Australia,3
Moldova,Bulgaria,1
Moldova,Canada,2
Moldova,Czech Republic,1
Moldova,France,3
Moldova,Germany,1
Moldova,Honduras,1
Moldova,Hungary,1
Moldova,Italy,2
Moldova,Mexico,1
Moldova,Moldova,1
Moldova,Morocco,1
Moldova,Netherlands,3
Moldova,Poland,2
Moldova,Romania,1
Moldova,Russia,1
Moldova,Spain,1
Moldova,Switzerland,1
Moldova,United Kingdom,6
Moldova,United States,11
Morocco,Australia,19
Morocco,Belgium,3
Morocco,Brazil,2
Morocco,China,1
Morocco,Cambodia,2
Morocco,Canada,8
Morocco,Costa Rica,1
Morocco,Croatia,3
Morocco,Cyprus,3
Morocco,Denmark,2
Morocco,Dominican Republic,1
Morocco,Estonia,3
Morocco,Finland,4
Morocco,France,23
Morocco,Germany,28
Morocco,Gibraltar,1
Morocco,Greece,2
Morocco,Hungary,1
Morocco,India,2
Morocco,Ireland,2
Morocco,Israel,2
Morocco,Italy,5
Morocco,Japan,7
Morocco,Lithuania,1
Morocco,Macao,1
Morocco,Macedonia,1
Morocco,Mexico,2
Morocco,Morocco,2
Morocco,Netherlands,5
Morocco,New Zealand,1
Morocco,Norway,1
Morocco,Paraguay,2
Morocco,Peru,1
Morocco,Poland,4
Morocco,Portugal,2
Morocco,Russia,4
Morocco,Spain,5
Morocco,Sweden,2
Morocco,Switzerland,4
Morocco,Taiwan,1
Morocco,Ukraine,3
Morocco,United Arab Emirates,3
Morocco,United Kingdom,47
Morocco,United States,35
Nepal,Australia,4
Nepal,Austria,1
Nepal,Belgium,1
Nepal,China,1
Nepal,Czech Republic,1
Nepal,Finland,1
Nepal,France,3
Nepal,Germany,13
Nepal,Ireland,1
Nepal,Japan,1
Nepal,Lithuania,3
Nepal,Netherlands,3
Nepal,New Zealand,1
Nepal,South Korea,1
Nepal,Russia,2
Nepal,Spain,2
Nepal,Sweden,2
Nepal,Switzerland,1
Nepal,United Kingdom,5
Nepal,United States,12
Netherlands,Albania,1
Netherlands,Argentina,26
Netherlands,Armenia,4
Netherlands,Aruba,1
Netherlands,Australia,446
Netherlands,Austria,92
Netherlands,Azerbaijan,1
Netherlands,Bahrain,1
Netherlands,Belarus,5
Netherlands,Belgium,163
Netherlands,Bermuda,1
Netherlands,Bolivia,1
Netherlands,Brazil,25
Netherlands,Bulgaria,10
Netherlands,Canada,263
Netherlands,Chile,17
Netherlands,China,18
Netherlands,Colombia,12
Netherlands,Costa Rica,3
Netherlands,Croatia,15
Netherlands,Cyprus,2
Netherlands,Czech Republic,66
Netherlands,Denmark,56
Netherlands,Ecuador,6
Netherlands,Egypt,1
Netherlands,Estonia,24
Netherlands,Finland,90
Netherlands,France,516
Netherlands,Gabon,2
Netherlands,Georgia,31
Netherlands,Germany,1382
Netherlands,Gibraltar,1
Netherlands,Greece,19
Netherlands,Greenland,1
Netherlands,Guam,2
Netherlands,Guatemala,1
Netherlands,Honduras,1
Netherlands,Hong Kong,10
Netherlands,Hungary,40
Netherlands,Iceland,5
Netherlands,India,9
Netherlands,Indonesia,1
Netherlands,Ireland,97
Netherlands,Israel,41
Netherlands,Italy,121
Netherlands,Japan,330
Netherlands,Jersey,3
Netherlands,Jordan,1
Netherlands,Kenya,4
Netherlands,Kuwait,2
Netherlands,Kyrgyzstan,1
Netherlands,Latvia,9
Netherlands,Lebanon,1
Netherlands,Lithuania,25
Netherlands,Luxembourg,7
Netherlands,ME,1
Netherlands,Macao,1
Netherlands,Macedonia,2
Netherlands,Malaysia,2
Netherlands,Malta,9
Netherlands,Mauritius,2
Netherlands,Mexico,36
Netherlands,Moldova,3
Netherlands,Monaco,1
Netherlands,Mongolia,1
Netherlands,Netherlands,718
Netherlands,New Caledonia,3
Netherlands,New Zealand,73
Netherlands,Norway,52
Netherlands,Pakistan,1
Netherlands,Palestinian Territory,1
Netherlands,Panama,2
Netherlands,Peru,3
Netherlands,Philippines,1
Netherlands,Poland,125
Netherlands,Portugal,34
Netherlands,Qatar,5
Netherlands,South Korea,47
Netherlands,Romania,21
Netherlands,Russia,138
Netherlands,Saudi Arabia,3
Netherlands,Serbia,8
Netherlands,Singapore,12
Netherlands,Slovakia,25
Netherlands,Slovenia,10
Netherlands,South Africa,12
Netherlands,Spain,136
Netherlands,Sweden,96
Netherlands,Switzerland,191
Netherlands,Taiwan,16
Netherlands,Thailand,7
Netherlands,The Democratic Republic of The Congo,1
Netherlands,Trinidad and Tobago,1
Netherlands,Tunisia,1
Netherlands,Turkey,8
Netherlands,Uganda,2
Netherlands,Ukraine,26
Netherlands,United Arab Emirates,8
Netherlands,United Kingdom,1302
Netherlands,United States,2094
Netherlands,Uruguay,2
Netherlands,Vietnam,7
Netherlands,XK,2
New Zealand,Argentina,1
New Zealand,Australia,197
New Zealand,Austria,9
New Zealand,Belgium,18
New Zealand,Brazil,2
New Zealand,Cambodia,2
New Zealand,Canada,69
New Zealand,Chile,1
New Zealand,Croatia,5
New Zealand,Czech Republic,5
New Zealand,Denmark,10
New Zealand,Estonia,2
New Zealand,Finland,7
New Zealand,France,41
New Zealand,Germany,108
New Zealand,Greece,2
New Zealand,Hong Kong,2
New Zealand,Hungary,2
New Zealand,India,2
New Zealand,Ireland,14
New Zealand,Israel,11
New Zealand,Italy,10
New Zealand,Japan,30
New Zealand,Kazakhstan,1
New Zealand,Lithuania,2
New Zealand,Luxembourg,1
New Zealand,Macao,1
New Zealand,Mexico,5
New Zealand,Netherlands,12
New Zealand,New Zealand,636
New Zealand,Norway,8
New Zealand,Papua New Guinea,1
New Zealand,Peru,1
New Zealand,Philippines,2
New Zealand,Poland,8
New Zealand,Portugal,5
New Zealand,South Korea,3
New Zealand,Romania,5
New Zealand,Russia,10
New Zealand,Singapore,5
New Zealand,Slovakia,3
New Zealand,Slovenia,3
New Zealand,South Africa,3
New Zealand,Spain,14
New Zealand,Sweden,13
New Zealand,Switzerland,21
New Zealand,Thailand,2
New Zealand,Trinidad and Tobago,1
New Zealand,Turkey,2
New Zealand,Ukraine,1
New Zealand,United Kingdom,198
New Zealand,United States,726
Niger,Australia,5
Niger,Belgium,1
Niger,Canada,7
Niger,Denmark,1
Niger,Germany,4
Niger,Ireland,2
Niger,Israel,1
Niger,Japan,1
Niger,Portugal,1
Niger,Sri Lanka,1
Niger,Sweden,1
Niger,Switzerland,6
Niger,United Kingdom,8
Niger,United States,58
Nigeria,Australia,2
Nigeria,Belgium,2
Nigeria,Canada,4
Nigeria,France,7
Nigeria,Georgia,1
Nigeria,Germany,5
Nigeria,Ireland,2
Nigeria,Italy,3
Nigeria,Japan,6
Nigeria,Jordan,1
Nigeria,Norway,1
Nigeria,Poland,1
Nigeria,Russia,2
Nigeria,Serbia,1
Nigeria,United Kingdom,16
Nigeria,United States,29
Nigeria,Vanuatu,1
Niue,Australia,15
Niue,Austria,3
Niue,Bulgaria,1
Niue,Cyprus,1
Niue,France,3
Niue,Germany,7
Niue,Greece,1
Niue,India,3
Niue,Israel,5
Niue,Italy,2
Niue,Japan,4
Niue,Mexico,3
Niue,New Zealand,1
Niue,Norway,1
Niue,Oman,1
Niue,Portugal,1
Niue,Russia,3
Niue,Saudi Arabia,1
Niue,Spain,1
Niue,Switzerland,2
Niue,Turkey,1
Niue,United Kingdom,2
Niue,United States,7
Macedonia,Australia,5
Macedonia,Austria,5
Macedonia,Belgium,1
Macedonia,Brazil,2
Macedonia,Bulgaria,2
Macedonia,Canada,1
Macedonia,Chile,1
Macedonia,Costa Rica,1
Macedonia,Croatia,1
Macedonia,Cyprus,6
Macedonia,Czech Republic,2
Macedonia,Denmark,3
Macedonia,Finland,2
Macedonia,France,5
Macedonia,Georgia,1
Macedonia,Germany,22
Macedonia,Greece,1
Macedonia,Hungary,1
Macedonia,India,3
Macedonia,Ireland,2
Macedonia,Israel,1
Macedonia,Italy,1
Macedonia,Japan,6
Macedonia,Macedonia,4
Macedonia,Mexico,3
Macedonia,Netherlands,2
Macedonia,Norway,2
Macedonia,Oman,1
Macedonia,Russia,4
Macedonia,Serbia,1
Macedonia,Slovakia,1
Macedonia,Spain,2
Macedonia,Sweden,3
Macedonia,Switzerland,6
Macedonia,Taiwan,1
Macedonia,Turkey,1
Macedonia,United Kingdom,10
Macedonia,United States,29
Norway,Argentina,1
Norway,Armenia,1
Norway,Australia,160
Norway,Austria,20
Norway,Belarus,1
Norway,Belgium,31
Norway,Brazil,16
Norway,Bulgaria,2
Norway,China,3
Norway,Canada,101
Norway,Chile,6
Norway,Colombia,4
Norway,Costa Rica,1
Norway,Croatia,4
Norway,Cyprus,1
Norway,Czech Republic,16
Norway,Denmark,25
Norway,Dominican Republic,2
Norway,Estonia,3
Norway,Finland,31
Norway,France,94
Norway,Georgia,2
Norway,Germany,314
Norway,Gibraltar,2
Norway,Greece,19
Norway,Hong Kong,5
Norway,Hungary,8
Norway,India,1
Norway,Ireland,9
Norway,Israel,12
Norway,Italy,45
Norway,Japan,72
Norway,Kazakhstan,2
Norway,Kuwait,2
Norway,Latvia,3
Norway,Lithuania,9
Norway,Luxembourg,4
Norway,Macao,1
Norway,Malaysia,1
Norway,Mexico,5
Norway,Moldova,1
Norway,Monaco,1
Norway,Morocco,3
Norway,Netherlands,57
Norway,New Zealand,13
Norway,Norway,193
Norway,Oman,1
Norway,Pakistan,1
Norway,Peru,4
Norway,Poland,28
Norway,Portugal,3
Norway,South Korea,21
Norway,Romania,4
Norway,Russia,42
Norway,Saudi Arabia,3
Norway,Serbia,7
Norway,Singapore,3
Norway,Slovakia,9
Norway,Slovenia,3
Norway,South Africa,4
Norway,Spain,32
Norway,Sweden,25
Norway,Switzerland,46
Norway,Thailand,4
Norway,Turkey,2
Norway,Ukraine,4
Norway,United Arab Emirates,1
Norway,United Kingdom,282
Norway,United States,802
Norway,Vietnam,1
Panama,Austria,1
Panama,Bulgaria,1
Panama,Canada,2
Panama,Chile,1
Panama,Costa Rica,1
Panama,France,3
Panama,Germany,5
Panama,Greece,1
Panama,Guatemala,1
Panama,Hungary,1
Panama,Ireland,1
Panama,Japan,1
Panama,Lithuania,1
Panama,Netherlands,1
Panama,Norway,1
Panama,Panama,1
Panama,Portugal,2
Panama,Romania,2
Panama,Russia,1
Panama,Spain,2
Panama,Sweden,2
Panama,Switzerland,1
Panama,United Kingdom,13
Panama,United States,14
Peru,Argentina,3
Peru,Australia,17
Peru,Austria,4
Peru,Belgium,10
Peru,Brazil,4
Peru,Canada,17
Peru,Chile,1
Peru,China,3
Peru,Croatia,1
Peru,Czech Republic,1
Peru,Denmark,3
Peru,El Salvador,1
Peru,Estonia,3
Peru,Finland,2
Peru,France,26
Peru,Germany,63
Peru,Gibraltar,1
Peru,Greece,2
Peru,Ireland,1
Peru,Israel,3
Peru,Italy,13
Peru,Japan,14
Peru,Lebanon,1
Peru,Lithuania,4
Peru,Luxembourg,3
Peru,Mexico,6
Peru,Netherlands,19
Peru,New Zealand,5
Peru,Norway,2
Peru,Panama,1
Peru,Peru,20
Peru,Poland,9
Peru,Portugal,1
Peru,Puerto Rico,1
Peru,South Korea,1
Peru,Romania,3
Peru,Russia,5
Peru,Serbia,1
Peru,Singapore,2
Peru,Spain,8
Peru,Sweden,2
Peru,Switzerland,12
Peru,Taiwan,1
Peru,Thailand,1
Peru,Ukraine,2
Peru,United Kingdom,69
Peru,United States,128
Peru,Uruguay,1
Philippines,Australia,13
Philippines,Austria,1
Philippines,Canada,6
Philippines,Croatia,1
Philippines,Estonia,1
Philippines,France,4
Philippines,Germany,4
Philippines,Hong Kong,1
Philippines,Italy,1
Philippines,Japan,3
Philippines,Netherlands,1
Philippines,New Zealand,2
Philippines,Norway,1
Philippines,Philippines,52
Philippines,Poland,1
Philippines,Russia,1
Philippines,Singapore,2
Philippines,Slovenia,1
Philippines,Spain,1
Philippines,Thailand,1
Philippines,United Kingdom,12
Philippines,United States,68
Poland,Argentina,2
Poland,Armenia,1
Poland,Australia,83
Poland,Austria,18
Poland,Belgium,24
Poland,Brazil,9
Poland,Canada,98
Poland,Chile,7
Poland,China,12
Poland,Colombia,5
Poland,Costa Rica,3
Poland,Croatia,1
Poland,Cyprus,3
Poland,Czech Republic,14
Poland,Denmark,16
Poland,Ecuador,1
Poland,Estonia,5
Poland,Fiji,1
Poland,Finland,30
Poland,France,120
Poland,Georgia,1
Poland,Germany,278
Poland,Greece,13
Poland,Hong Kong,1
Poland,Hungary,7
Poland,Iceland,7
Poland,India,2
Poland,Indonesia,2
Poland,Ireland,22
Poland,Israel,11
Poland,Italy,27
Poland,Japan,62
Poland,Jersey,1
Poland,Kazakhstan,1
Poland,Kyrgyzstan,1
Poland,Latvia,2
Poland,Lithuania,4
Poland,Luxembourg,3
Poland,Macao,1
Poland,Malaysia,2
Poland,Malta,1
Poland,Mexico,17
Poland,Moldova,1
Poland,Netherlands,58
Poland,New Zealand,11
Poland,Norway,22
Poland,Panama,1
Poland,Peru,5
Poland,Poland,306
Poland,Portugal,8
Poland,South Korea,8
Poland,Romania,4
Poland,Russia,52
Poland,Saudi Arabia,2
Poland,Singapore,4
Poland,Slovakia,9
Poland,Slovenia,5
Poland,South Africa,5
Poland,Spain,29
Poland,Sweden,20
Poland,Switzerland,47
Poland,Taiwan,5
Poland,Turkey,1
Poland,Ukraine,6
Poland,United Arab Emirates,2
Poland,United Kingdom,262
Poland,United States,713
Portugal,Argentina,3
Portugal,Armenia,2
Portugal,Australia,77
Portugal,Austria,13
Portugal,Belgium,30
Portugal,Bosnia and Herzegovina,1
Portugal,Brazil,8
Portugal,Bulgaria,1
Portugal,Canada,50
Portugal,Chile,6
Portugal,China,3
Portugal,Croatia,1
Portugal,Cyprus,3
Portugal,Czech Republic,5
Portugal,Denmark,14
Portugal,Ecuador,1
Portugal,Estonia,4
Portugal,Finland,8
Portugal,France,82
Portugal,Georgia,5
Portugal,Germany,180
Portugal,Greece,4
Portugal,Guatemala,1
Portugal,Hong Kong,2
Portugal,Hungary,4
Portugal,India,3
Portugal,Indonesia,1
Portugal,Ireland,10
Portugal,Israel,9
Portugal,Italy,22
Portugal,Japan,77
Portugal,Jordan,1
Portugal,Latvia,1
Portugal,Lithuania,2
Portugal,Luxembourg,2
Portugal,Macao,1
Portugal,Malta,1
Portugal,Mauritius,1
Portugal,Mexico,16
Portugal,Netherlands,47
Portugal,New Zealand,14
Portugal,Norway,6
Portugal,Oman,2
Portugal,Panama,1
Portugal,Philippines,1
Portugal,Poland,18
Portugal,Portugal,312
Portugal,Puerto Rico,1
Portugal,Qatar,2
Portugal,South Korea,5
Portugal,Romania,5
Portugal,Russia,20
Portugal,Serbia,1
Portugal,Singapore,2
Portugal,Slovakia,4
Portugal,Slovenia,1
Portugal,South Africa,5
Portugal,Spain,30
Portugal,Sweden,24
Portugal,Switzerland,38
Portugal,Taiwan,1
Portugal,Thailand,1
Portugal,Turkey,5
Portugal,Uganda,1
Portugal,Ukraine,3
Portugal,United Arab Emirates,3
Portugal,United Kingdom,278
Portugal,United States,350
Portugal,Uruguay,1
Puerto Rico,Australia,3
Puerto Rico,Belgium,1
Puerto Rico,Canada,2
Puerto Rico,Finland,1
Puerto Rico,Germany,4
Puerto Rico,Guatemala,1
Puerto Rico,Italy,2
Puerto Rico,Japan,4
Puerto Rico,Luxembourg,1
Puerto Rico,Netherlands,1
Puerto Rico,Puerto Rico,10
Puerto Rico,Russia,1
Puerto Rico,South Africa,1
Puerto Rico,Spain,2
Puerto Rico,Sweden,1
Puerto Rico,United Kingdom,3
Puerto Rico,United States,171
Romania,Argentina,19
Romania,Australia,74
Romania,Austria,25
Romania,Belarus,1
Romania,Belgium,31
Romania,Brazil,13
Romania,Bulgaria,21
Romania,Canada,51
Romania,Chile,27
Romania,China,15
Romania,Colombia,6
Romania,Costa Rica,4
Romania,Croatia,8
Romania,Cyprus,5
Romania,Czech Republic,8
Romania,Denmark,7
Romania,Dominican Republic,1
Romania,Ecuador,2
Romania,Egypt,1
Romania,Estonia,5
Romania,Finland,23
Romania,France,139
Romania,Georgia,7
Romania,Germany,243
Romania,Gibraltar,4
Romania,Greece,9
Romania,Honduras,1
Romania,Hong Kong,1
Romania,Hungary,31
Romania,Indonesia,1
Romania,Ireland,13
Romania,Isle of Man,2
Romania,Israel,33
Romania,Italy,39
Romania,Japan,42
Romania,Jersey,1
Romania,Jordan,1
Romania,Latvia,2
Romania,Lithuania,3
Romania,Luxembourg,4
Romania,Maldives,13
Romania,Malta,1
Romania,Mexico,15
Romania,Moldova,5
Romania,Morocco,7
Romania,Netherlands,48
Romania,New Zealand,7
Romania,Norway,17
Romania,Peru,22
Romania,Poland,17
Romania,Portugal,13
Romania,Puerto Rico,10
Romania,South Korea,1
Romania,Romania,215
Romania,Russia,108
Romania,Serbia,6
Romania,Singapore,3
Romania,Slovenia,3
Romania,South Africa,10
Romania,Spain,47
Romania,Sweden,31
Romania,Switzerland,126
Romania,Taiwan,10
Romania,Thailand,3
Romania,Turkey,9
Romania,Ukraine,13
Romania,United Arab Emirates,4
Romania,United Kingdom,429
Romania,United States,260
Romania,Uruguay,10
Romania,XK,1
Russia,Algeria,1
Russia,Argentina,10
Russia,Armenia,4
Russia,Australia,266
Russia,Austria,51
Russia,Bahrain,1
Russia,Belarus,10
Russia,Belgium,55
Russia,Brazil,24
Russia,Brunei Darussalam,1
Russia,Bulgaria,10
Russia,Canada,250
Russia,Chile,25
Russia,China,24
Russia,Colombia,8
Russia,Costa Rica,6
Russia,Croatia,9
Russia,Cyprus,5
Russia,Czech Republic,31
Russia,Denmark,51
Russia,Ecuador,4
Russia,Egypt,1
Russia,El Salvador,2
Russia,Estonia,21
Russia,Finland,57
Russia,France,266
Russia,Georgia,12
Russia,Germany,764
Russia,Gibraltar,4
Russia,Greece,18
Russia,Honduras,1
Russia,Hong Kong,9
Russia,Hungary,26
Russia,Iceland,7
Russia,India,9
Russia,Ireland,45
Russia,Isle of Man,1
Russia,Israel,38
Russia,Italy,81
Russia,Japan,176
Russia,Jersey,2
Russia,Kazakhstan,4
Russia,Latvia,8
Russia,Lebanon,2
Russia,Lithuania,18
Russia,Luxembourg,1
Russia,ME,2
Russia,Macao,2
Russia,Macedonia,1
Russia,Malaysia,2
Russia,Malta,2
Russia,Mexico,43
Russia,Moldova,3
Russia,Morocco,2
Russia,Netherlands,155
Russia,New Zealand,29
Russia,Norway,46
Russia,Pakistan,1
Russia,Panama,1
Russia,Peru,2
Russia,Philippines,7
Russia,Poland,80
Russia,Portugal,14
Russia,Puerto Rico,1
Russia,Qatar,1
Russia,South Korea,35
Russia,Reunion,1
Russia,Romania,25
Russia,Russia,494
Russia,Saudi Arabia,5
Russia,Serbia,4
Russia,Singapore,3
Russia,Slovakia,19
Russia,Slovenia,15
Russia,South Africa,21
Russia,Spain,54
Russia,Sweden,56
Russia,Switzerland,116
Russia,Taiwan,9
Russia,Thailand,6
Russia,Trinidad and Tobago,1
Russia,Turkey,10
Russia,Ukraine,46
Russia,United Arab Emirates,1
Russia,United Kingdom,689
Russia,United States,1887
Russia,Uruguay,4
Russia,Venezuela,2
Russia,Vietnam,2
Senegal,Austria,1
Senegal,Canada,1
Senegal,Denmark,2
Senegal,Germany,1
Senegal,Greece,2
Senegal,Ireland,1
Senegal,Japan,2
Senegal,New Zealand,1
Senegal,Poland,1
Senegal,Russia,1
Senegal,Spain,1
Senegal,United Kingdom,1
Senegal,United States,5
Serbia,Argentina,1
Serbia,Armenia,2
Serbia,Australia,27
Serbia,Austria,3
Serbia,Bahrain,1
Serbia,Belgium,2
Serbia,Brazil,2
Serbia,Bulgaria,3
Serbia,Canada,27
Serbia,Chile,3
Serbia,China,4
Serbia,Croatia,2
Serbia,Czech Republic,7
Serbia,Denmark,3
Serbia,Estonia,3
Serbia,Finland,6
Serbia,France,26
Serbia,Germany,52
Serbia,Greece,3
Serbia,Hungary,2
Serbia,India,1
Serbia,Ireland,2
Serbia,Israel,2
Serbia,Italy,11
Serbia,Japan,17
Serbia,Kyrgyzstan,1
Serbia,Lithuania,1
Serbia,Macedonia,1
Serbia,Malaysia,1
Serbia,Malta,1
Serbia,Mexico,6
Serbia,Morocco,1
Serbia,Netherlands,11
Serbia,New Zealand,7
Serbia,Norway,3
Serbia,Peru,1
Serbia,Poland,6
Serbia,Portugal,2
Serbia,Qatar,1
Serbia,South Korea,1
Serbia,Romania,7
Serbia,Russia,16
Serbia,Serbia,26
Serbia,Singapore,2
Serbia,Slovakia,1
Serbia,Slovenia,1
Serbia,Spain,9
Serbia,Sweden,3
Serbia,Switzerland,11
Serbia,Ukraine,2
Serbia,United Kingdom,57
Serbia,United States,183
Serbia,Uruguay,1
Serbia,Vietnam,1
Singapore,Australia,13
Singapore,Belgium,5
Singapore,Brazil,1
Singapore,Bulgaria,4
Singapore,Canada,8
Singapore,China,5
Singapore,France,10
Singapore,Germany,23
Singapore,Greece,1
Singapore,Hong Kong,2
Singapore,Hungary,1
Singapore,Indonesia,1
Singapore,Ireland,1
Singapore,Israel,5
Singapore,Italy,8
Singapore,Japan,22
Singapore,Malaysia,2
Singapore,Mexico,1
Singapore,Netherlands,5
Singapore,New Zealand,2
Singapore,Norway,4
Singapore,Philippines,2
Singapore,Poland,4
Singapore,Portugal,1
Singapore,South Korea,5
Singapore,Russia,5
Singapore,Singapore,60
Singapore,Spain,3
Singapore,Switzerland,6
Singapore,Taiwan,1
Singapore,Thailand,1
Singapore,United Arab Emirates,1
Singapore,United Kingdom,49
Singapore,United States,85
Singapore,Wallis and Futuna,1
Slovakia,Australia,6
Slovakia,Austria,1
Slovakia,Belgium,1
Slovakia,Canada,4
Slovakia,Colombia,1
Slovakia,Cyprus,1
Slovakia,Czech Republic,8
Slovakia,Estonia,1
Slovakia,Finland,2
Slovakia,France,4
Slovakia,Germany,22
Slovakia,Greece,1
Slovakia,Hungary,1
Slovakia,Italy,4
Slovakia,Japan,3
Slovakia,Lithuania,1
Slovakia,Mexico,2
Slovakia,Netherlands,2
Slovakia,New Zealand,2
Slovakia,Norway,5
Slovakia,Poland,2
Slovakia,Portugal,1
Slovakia,Romania,1
Slovakia,Russia,2
Slovakia,Slovakia,39
Slovakia,South Africa,1
Slovakia,Spain,1
Slovakia,Sweden,2
Slovakia,Ukraine,1
Slovakia,United Kingdom,18
Slovakia,United States,43
Slovenia,Argentina,1
Slovenia,Australia,10
Slovenia,Austria,5
Slovenia,Belgium,2
Slovenia,Brazil,2
Slovenia,Canada,13
Slovenia,Chile,1
Slovenia,Czech Republic,2
Slovenia,Denmark,4
Slovenia,Estonia,1
Slovenia,Finland,3
Slovenia,France,16
Slovenia,Georgia,2
Slovenia,Germany,40
Slovenia,Gibraltar,1
Slovenia,Hong Kong,1
Slovenia,India,1
Slovenia,Ireland,1
Slovenia,Isle of Man,1
Slovenia,Italy,1
Slovenia,Japan,12
Slovenia,Lithuania,1
Slovenia,Mexico,1
Slovenia,Moldova,4
Slovenia,Netherlands,6
Slovenia,New Zealand,5
Slovenia,Norway,5
Slovenia,Poland,2
Slovenia,Portugal,1
Slovenia,South Korea,2
Slovenia,Romania,3
Slovenia,Russia,24
Slovenia,Serbia,3
Slovenia,Slovakia,1
Slovenia,Slovenia,56
Slovenia,South Africa,2
Slovenia,Spain,7
Slovenia,Sweden,4
Slovenia,Switzerland,6
Slovenia,Turkey,1
Slovenia,Ukraine,1
Slovenia,United Kingdom,34
Slovenia,United States,88
South Africa,Australia,55
South Africa,Austria,4
South Africa,Belgium,12
South Africa,Belize,1
South Africa,Bermuda,1
South Africa,Botswana,9
South Africa,Brazil,4
South Africa,Canada,40
South Africa,Chile,1
South Africa,China,5
South Africa,Colombia,1
South Africa,Costa Rica,2
South Africa,Cyprus,1
South Africa,Czech Republic,3
South Africa,Denmark,6
South Africa,Estonia,2
South Africa,Finland,7
South Africa,France,31
South Africa,Georgia,1
South Africa,Germany,98
South Africa,Hong Kong,2
South Africa,Hungary,4
South Africa,India,1
South Africa,Ireland,1
South Africa,Israel,2
South Africa,Italy,7
South Africa,Japan,32
South Africa,Kenya,1
South Africa,Latvia,2
South Africa,Lebanon,1
South Africa,Lesotho,1
South Africa,ME,2
South Africa,Malaysia,1
South Africa,Mexico,2
South Africa,Mozambique,1
South Africa,Namibia,1
South Africa,Netherlands,14
South Africa,New Zealand,7
South Africa,Norway,2
South Africa,Papua New Guinea,1
South Africa,Poland,7
South Africa,Portugal,1
South Africa,South Korea,2
South Africa,Reunion,1
South Africa,Romania,1
South Africa,Russia,4
South Africa,Serbia,1
South Africa,Singapore,1
South Africa,Slovakia,1
South Africa,Slovenia,2
South Africa,South Africa,262
South Africa,Spain,2
South Africa,Swaziland,1
South Africa,Sweden,8
South Africa,Switzerland,20
South Africa,Thailand,1
South Africa,Turkey,3
South Africa,Ukraine,3
South Africa,United Arab Emirates,3
South Africa,United Kingdom,151
South Africa,United States,282
South Africa,Uruguay,1
South Africa,Vietnam,1
South Korea,Argentina,1
South Korea,Australia,31
South Korea,Austria,1
South Korea,Belgium,2
South Korea,Brazil,2
South Korea,Canada,14
South Korea,Chile,1
South Korea,China,7
South Korea,Colombia,2
South Korea,Czech Republic,1
South Korea,Denmark,4
South Korea,Estonia,1
South Korea,Finland,7
South Korea,France,15
South Korea,Georgia,2
South Korea,Germany,47
South Korea,Hong Kong,2
South Korea,Iceland,1
South Korea,Ireland,6
South Korea,Israel,3
South Korea,Italy,2
South Korea,Japan,42
South Korea,Lithuania,1
South Korea,Netherlands,10
South Korea,New Zealand,2
South Korea,Norway,2
South Korea,Palestinian Territory,1
South Korea,Philippines,1
South Korea,Poland,6
South Korea,Portugal,2
South Korea,South Korea,68
South Korea,Russia,5
South Korea,Serbia,1
South Korea,Singapore,4
South Korea,Spain,3
South Korea,Sweden,5
South Korea,Switzerland,2
South Korea,Taiwan,2
South Korea,Thailand,2
South Korea,Ukraine,2
South Korea,United Kingdom,47
South Korea,United States,229
Spain,Argentina,14
Spain,Armenia,2
Spain,Australia,243
Spain,Austria,43
Spain,Belarus,1
Spain,Belgium,73
Spain,Brazil,26
Spain,Bulgaria,3
Spain,Canada,150
Spain,Chile,15
Spain,China,25
Spain,Colombia,10
Spain,Costa Rica,3
Spain,Croatia,11
Spain,Cyprus,3
Spain,Czech Republic,36
Spain,Denmark,22
Spain,Ecuador,2
Spain,Egypt,1
Spain,Estonia,17
Spain,Finland,47
Spain,France,308
Spain,Georgia,22
Spain,Germany,717
Spain,Gibraltar,1
Spain,Greece,33
Spain,Guatemala,2
Spain,Honduras,2
Spain,Hong Kong,5
Spain,Hungary,31
Spain,Iceland,1
Spain,India,4
Spain,Indonesia,3
Spain,Ireland,65
Spain,Israel,34
Spain,Italy,99
Spain,Japan,192
Spain,Jersey,2
Spain,Jordan,1
Spain,Kazakhstan,1
Spain,Latvia,5
Spain,Liechtenstein,2
Spain,Lithuania,26
Spain,Luxembourg,4
Spain,ME,3
Spain,Malta,3
Spain,Mauritius,1
Spain,Mexico,44
Spain,Morocco,2
Spain,Netherlands,145
Spain,New Zealand,48
Spain,Norway,31
Spain,Oman,1
Spain,Panama,2
Spain,Peru,9
Spain,Philippines,3
Spain,Poland,54
Spain,Portugal,21
Spain,Puerto Rico,1
Spain,South Korea,33
Spain,Romania,11
Spain,Russia,73
Spain,Saudi Arabia,1
Spain,Serbia,6
Spain,Singapore,2
Spain,Slovakia,5
Spain,Slovenia,8
Spain,South Africa,23
Spain,Spain,787
Spain,Sweden,72
Spain,Switzerland,138
Spain,Taiwan,6
Spain,Thailand,2
Spain,Trinidad and Tobago,3
Spain,Turkey,6
Spain,Ukraine,19
Spain,United Arab Emirates,5
Spain,United Kingdom,734
Spain,United States,1258
Spain,Uruguay,3
Spain,Vietnam,1
Spain,Wallis and Futuna,1
Spain,XK,3
Sri Lanka,Australia,2
Sri Lanka,Brazil,1
Sri Lanka,France,1
Sri Lanka,Germany,1
Sri Lanka,Japan,1
Sri Lanka,Norway,1
Sri Lanka,Spain,1
Sri Lanka,Sri Lanka,1
Sri Lanka,United States,4
Sweden,Argentina,2
Sweden,Australia,304
Sweden,Austria,34
Sweden,Bahamas,3
Sweden,Bahrain,1
Sweden,Belgium,104
Sweden,Brazil,11
Sweden,Bulgaria,9
Sweden,Canada,274
Sweden,Chile,17
Sweden,China,29
Sweden,Colombia,7
Sweden,Costa Rica,7
Sweden,Croatia,10
Sweden,Cyprus,1
Sweden,Czech Republic,25
Sweden,Denmark,50
Sweden,Ecuador,5
Sweden,Egypt,2
Sweden,Estonia,10
Sweden,Finland,80
Sweden,France,250
Sweden,Georgia,14
Sweden,Germany,792
Sweden,Greece,21
Sweden,Guatemala,1
Sweden,Honduras,3
Sweden,Hong Kong,13
Sweden,Hungary,20
Sweden,Iceland,2
Sweden,India,8
Sweden,Indonesia,8
Sweden,Ireland,35
Sweden,Isle of Man,1
Sweden,Israel,17
Sweden,Italy,80
Sweden,Japan,191
Sweden,Kazakhstan,1
Sweden,Kuwait,1
Sweden,Latvia,1
Sweden,Lithuania,10
Sweden,Luxembourg,6
Sweden,Malaysia,3
Sweden,Malta,4
Sweden,Mexico,24
Sweden,Netherlands,149
Sweden,New Zealand,46
Sweden,Norway,74
Sweden,Oman,3
Sweden,Palestinian Territory,1
Sweden,Panama,1
Sweden,Paraguay,1
Sweden,Peru,2
Sweden,Philippines,6
Sweden,Poland,88
Sweden,Portugal,24
Sweden,Qatar,1
Sweden,South Korea,23
Sweden,Romania,8
Sweden,Russia,107
Sweden,Saudi Arabia,2
Sweden,Serbia,1
Sweden,Singapore,8
Sweden,Slovakia,15
Sweden,Slovenia,8
Sweden,South Africa,11
Sweden,Spain,62
Sweden,Sweden,458
Sweden,Switzerland,100
Sweden,Taiwan,7
Sweden,Thailand,5
Sweden,Turkey,3
Sweden,Uganda,1
Sweden,Ukraine,10
Sweden,United Arab Emirates,4
Sweden,United Kingdom,749
Sweden,United States,2056
Sweden,Vietnam,4
Sweden,XK,2
Switzerland,Argentina,2
Switzerland,Australia,155
Switzerland,Austria,35
Switzerland,Bahrain,1
Switzerland,Belgium,54
Switzerland,Bosnia and Herzegovina,1
Switzerland,Brazil,6
Switzerland,Bulgaria,5
Switzerland,Canada,91
Switzerland,Chile,5
Switzerland,China,19
Switzerland,Colombia,4
Switzerland,Costa Rica,2
Switzerland,Croatia,3
Switzerland,Cyprus,1
Switzerland,Czech Republic,15
Switzerland,Denmark,22
Switzerland,Ecuador,2
Switzerland,Egypt,1
Switzerland,Estonia,7
Switzerland,Finland,14
Switzerland,France,207
Switzerland,Gabon,1
Switzerland,Georgia,3
Switzerland,Germany,429
Switzerland,Greece,16
Switzerland,Hong Kong,4
Switzerland,Hungary,6
Switzerland,India,7
Switzerland,Ireland,19
Switzerland,Israel,19
Switzerland,Italy,44
Switzerland,Japan,81
Switzerland,Jersey,2
Switzerland,Kuwait,1
Switzerland,Latvia,6
Switzerland,Lithuania,7
Switzerland,Luxembourg,3
Switzerland,ME,1
Switzerland,Malta,1
Switzerland,Mexico,11
Switzerland,Moldova,1
Switzerland,Netherlands,68
Switzerland,New Zealand,13
Switzerland,Norway,18
Switzerland,Philippines,1
Switzerland,Poland,24
Switzerland,Portugal,12
Switzerland,Puerto Rico,1
Switzerland,South Korea,10
Switzerland,Reunion,2
Switzerland,Romania,9
Switzerland,Russia,36
Switzerland,Saudi Arabia,14
Switzerland,Serbia,2
Switzerland,Singapore,2
Switzerland,Slovakia,5
Switzerland,Slovenia,7
Switzerland,South Africa,8
Switzerland,Spain,39
Switzerland,Sweden,23
Switzerland,Switzerland,367
Switzerland,Taiwan,3
Switzerland,Thailand,5
Switzerland,Trinidad and Tobago,2
Switzerland,Turkey,2
Switzerland,Ukraine,11
Switzerland,United Arab Emirates,4
Switzerland,United Kingdom,351
Switzerland,United States,702
Switzerland,Åland Islands,1
Taiwan,Australia,4
Taiwan,Belgium,1
Taiwan,Brazil,1
Taiwan,Canada,9
Taiwan,Chile,1
Taiwan,China,8
Taiwan,Denmark,2
Taiwan,Finland,2
Taiwan,France,5
Taiwan,Germany,7
Taiwan,Hong Kong,1
Taiwan,Ireland,1
Taiwan,Italy,1
Taiwan,Japan,25
Taiwan,Kazakhstan,1
Taiwan,Netherlands,2
Taiwan,New Zealand,2
Taiwan,Norway,1
Taiwan,Philippines,1
Taiwan,South Korea,8
Taiwan,Romania,1
Taiwan,Russia,4
Taiwan,Singapore,3
Taiwan,Slovakia,1
Taiwan,Spain,1
Taiwan,Sweden,1
Taiwan,Switzerland,6
Taiwan,Taiwan,20
Taiwan,Thailand,1
Taiwan,United Kingdom,11
Taiwan,United States,89
Thailand,Australia,10
Thailand,Belgium,1
Thailand,Brazil,2
Thailand,China,4
Thailand,Canada,3
Thailand,Chile,2
Thailand,Czech Republic,1
Thailand,Finland,2
Thailand,France,3
Thailand,Germany,9
Thailand,Hong Kong,2
Thailand,Hungary,2
Thailand,Indonesia,1
Thailand,Ireland,3
Thailand,Japan,11
Thailand,Kazakhstan,1
Thailand,Netherlands,6
Thailand,Norway,1
Thailand,Poland,4
Thailand,South Korea,1
Thailand,Russia,1
Thailand,South Africa,1
Thailand,Spain,1
Thailand,Sweden,1
Thailand,Switzerland,1
Thailand,Taiwan,1
Thailand,Thailand,17
Thailand,United Kingdom,15
Thailand,United States,44
Trinidad and Tobago,Bahamas,2
Trinidad and Tobago,Belize,1
Trinidad and Tobago,British Virgin Islands,2
Trinidad and Tobago,Canada,4
Trinidad and Tobago,France,1
Trinidad and Tobago,Germany,2
Trinidad and Tobago,Guadeloupe,1
Trinidad and Tobago,Italy,2
Trinidad and Tobago,Japan,2
Trinidad and Tobago,Jordan,1
Trinidad and Tobago,Spain,1
Trinidad and Tobago,Sweden,1
Trinidad and Tobago,Trinidad and Tobago,3
Trinidad and Tobago,United Kingdom,1
Trinidad and Tobago,United States,12
Tunisia,Australia,10
Tunisia,Austria,6
Tunisia,Azerbaijan,2
Tunisia,Belgium,4
Tunisia,Brazil,1
Tunisia,Canada,9
Tunisia,Chile,1
Tunisia,China,2
Tunisia,Czech Republic,1
Tunisia,Denmark,2
Tunisia,Finland,1
Tunisia,France,15
Tunisia,Georgia,3
Tunisia,Germany,18
Tunisia,Hungary,2
Tunisia,Ireland,2
Tunisia,Israel,1
Tunisia,Italy,3
Tunisia,Japan,13
Tunisia,Luxembourg,1
Tunisia,Netherlands,8
Tunisia,New Zealand,4
Tunisia,Norway,1
Tunisia,Poland,2
Tunisia,Romania,4
Tunisia,Slovenia,2
Tunisia,Spain,6
Tunisia,Switzerland,7
Tunisia,Taiwan,1
Tunisia,Thailand,1
Tunisia,Ukraine,1
Tunisia,United Kingdom,41
Tunisia,United States,51
Turkey,Argentina,1
Turkey,Australia,24
Turkey,Austria,6
Turkey,Belarus,1
Turkey,Belgium,9
Turkey,Brazil,2
Turkey,Canada,15
Turkey,Chile,2
Turkey,China,2
Turkey,Colombia,1
Turkey,Czech Republic,3
Turkey,Denmark,6
Turkey,Finland,7
Turkey,France,35
Turkey,Georgia,2
Turkey,Germany,125
Turkey,Greece,6
Turkey,Hungary,7
Turkey,India,1
Turkey,Iraq,1
Turkey,Ireland,7
Turkey,Israel,2
Turkey,Italy,13
Turkey,Japan,5
Turkey,Latvia,1
Turkey,Lebanon,1
Turkey,Lithuania,1
Turkey,Malaysia,1
Turkey,Mexico,2
Turkey,Morocco,1
Turkey,Netherlands,14
Turkey,New Zealand,1
Turkey,Norway,1
Turkey,Pakistan,1
Turkey,Poland,7
Turkey,Portugal,1
Turkey,South Korea,2
Turkey,Romania,1
Turkey,Russia,7
Turkey,Saudi Arabia,1
Turkey,Slovakia,1
Turkey,Slovenia,1
Turkey,South Africa,1
Turkey,Spain,9
Turkey,Sri Lanka,1
Turkey,Sweden,3
Turkey,Switzerland,19
Turkey,Turkey,11
Turkey,Ukraine,2
Turkey,United Kingdom,65
Turkey,United States,110
Turkey,Uzbekistan,1
Uganda,Australia,27
Uganda,Austria,4
Uganda,Bahrain,1
Uganda,Belgium,7
Uganda,Brazil,2
Uganda,China,1
Uganda,Canada,22
Uganda,Czech Republic,3
Uganda,Denmark,2
Uganda,Estonia,1
Uganda,Finland,6
Uganda,France,21
Uganda,Germany,36
Uganda,Greece,4
Uganda,Hong Kong,1
Uganda,Ireland,9
Uganda,Italy,11
Uganda,Japan,22
Uganda,Mauritius,1
Uganda,Mexico,2
Uganda,Netherlands,10
Uganda,New Zealand,3
Uganda,Norway,3
Uganda,Poland,4
Uganda,Portugal,1
Uganda,Romania,1
Uganda,Russia,3
Uganda,Singapore,1
Uganda,Slovenia,2
Uganda,Spain,1
Uganda,Sweden,6
Uganda,Switzerland,8
Uganda,Thailand,1
Uganda,Ukraine,2
Uganda,United Arab Emirates,1
Uganda,United Kingdom,72
Uganda,United States,165
Ukraine,Argentina,1
Ukraine,Australia,61
Ukraine,Austria,4
Ukraine,Belarus,1
Ukraine,Belgium,18
Ukraine,Brazil,2
Ukraine,Bulgaria,12
Ukraine,China,6
Ukraine,Canada,37
Ukraine,Chile,9
Ukraine,Colombia,13
Ukraine,Croatia,2
Ukraine,Czech Republic,5
Ukraine,Denmark,4
Ukraine,Ecuador,3
Ukraine,Estonia,1
Ukraine,Finland,10
Ukraine,France,48
Ukraine,Georgia,2
Ukraine,Germany,119
Ukraine,Greece,2
Ukraine,Hong Kong,2
Ukraine,Hungary,12
Ukraine,Iceland,3
Ukraine,Ireland,9
Ukraine,Israel,8
Ukraine,Italy,8
Ukraine,Japan,34
Ukraine,Latvia,1
Ukraine,Lebanon,1
Ukraine,Lithuania,5
Ukraine,Luxembourg,3
Ukraine,Malaysia,1
Ukraine,Malta,1
Ukraine,Mexico,7
Ukraine,Moldova,1
Ukraine,Morocco,1
Ukraine,Netherlands,38
Ukraine,New Zealand,4
Ukraine,Norway,8
Ukraine,Peru,2
Ukraine,Philippines,1
Ukraine,Poland,17
Ukraine,Portugal,2
Ukraine,Puerto Rico,1
Ukraine,South Korea,3
Ukraine,Romania,8
Ukraine,Russia,70
Ukraine,Saint Kitts and Nevis,1
Ukraine,Saudi Arabia,2
Ukraine,Singapore,1
Ukraine,Slovakia,4
Ukraine,Slovenia,3
Ukraine,South Africa,6
Ukraine,Spain,12
Ukraine,Sweden,9
Ukraine,Switzerland,22
Ukraine,Thailand,1
Ukraine,Turkey,6
Ukraine,Ukraine,68
Ukraine,United Arab Emirates,1
Ukraine,United Kingdom,130
Ukraine,United States,359
Ukraine,Uruguay,1
United Arab Emirates,Australia,5
United Arab Emirates,Belgium,2
United Arab Emirates,Brazil,1
United Arab Emirates,Canada,1
United Arab Emirates,Cyprus,1
United Arab Emirates,Czech Republic,1
United Arab Emirates,Denmark,2
United Arab Emirates,France,4
United Arab Emirates,Germany,10
United Arab Emirates,Greece,1
United Arab Emirates,Italy,6
United Arab Emirates,Japan,2
United Arab Emirates,Netherlands,7
United Arab Emirates,New Zealand,3
United Arab Emirates,Norway,3
United Arab Emirates,Poland,1
United Arab Emirates,Serbia,1
United Arab Emirates,South Africa,1
United Arab Emirates,Spain,2
United Arab Emirates,Sweden,1
United Arab Emirates,Switzerland,3
United Arab Emirates,Turkey,1
United Arab Emirates,United Arab Emirates,3
United Arab Emirates,United Kingdom,33
United Arab Emirates,United States,23
United Kingdom,Argentina,79
United Kingdom,Armenia,11
United Kingdom,Australia,5617
United Kingdom,Austria,640
United Kingdom,Azerbaijan,1
United Kingdom,Bahamas,5
United Kingdom,Bahrain,9
United Kingdom,Bangladesh,3
United Kingdom,Barbados,1
United Kingdom,Belarus,19
United Kingdom,Belgium,1169
United Kingdom,Bermuda,4
United Kingdom,Bolivia,6
United Kingdom,Bosnia and Herzegovina,6
United Kingdom,Botswana,2
United Kingdom,Brazil,270
United Kingdom,Brunei Darussalam,1
United Kingdom,Bulgaria,54
United Kingdom,China,270
United Kingdom,Cambodia,10
United Kingdom,Canada,3950
United Kingdom,Cape Verde,1
United Kingdom,Cayman Islands,4
United Kingdom,Chile,178
United Kingdom,Colombia,62
United Kingdom,Cook Islands,2
United Kingdom,Costa Rica,34
United Kingdom,Croatia,134
United Kingdom,Cyprus,34
United Kingdom,Czech Republic,420
United Kingdom,Denmark,489
United Kingdom,Dominica,1
United Kingdom,Dominican Republic,4
United Kingdom,Ecuador,37
United Kingdom,Egypt,16
United Kingdom,El Salvador,4
United Kingdom,Estonia,187
United Kingdom,Faroe Islands,2
United Kingdom,Finland,691
United Kingdom,France,3848
United Kingdom,French Guiana,4
United Kingdom,Georgia,153
United Kingdom,Germany,8108
United Kingdom,Ghana,2
United Kingdom,Gibraltar,17
United Kingdom,Greece,312
United Kingdom,Guadeloupe,1
United Kingdom,Guam,8
United Kingdom,Guatemala,17
United Kingdom,Guernsey,9
United Kingdom,Honduras,8
United Kingdom,Hong Kong,143
United Kingdom,Hungary,192
United Kingdom,Iceland,81
United Kingdom,India,69
United Kingdom,Indonesia,33
United Kingdom,Ireland,1180
United Kingdom,Isle of Man,43
United Kingdom,Israel,324
United Kingdom,Italy,1160
United Kingdom,Jamaica,1
United Kingdom,Japan,3175
United Kingdom,Jersey,33
United Kingdom,Jordan,12
United Kingdom,Kazakhstan,15
United Kingdom,Kenya,8
United Kingdom,Kyrgyzstan,2
United Kingdom,Latvia,59
United Kingdom,Lebanon,3
United Kingdom,Lesotho,1
United Kingdom,Liechtenstein,3
United Kingdom,Lithuania,173
United Kingdom,Luxembourg,55
United Kingdom,ME,5
United Kingdom,Macao,25
United Kingdom,Macedonia,14
United Kingdom,Malaysia,24
United Kingdom,Maldives,1
United Kingdom,Malta,38
United Kingdom,Martinique,2
United Kingdom,Mauritius,28
United Kingdom,Mexico,322
United Kingdom,Moldova,10
United Kingdom,Monaco,2
United Kingdom,Mongolia,2
United Kingdom,Morocco,7
United Kingdom,Myanmar,3
United Kingdom,Namibia,1
United Kingdom,Netherlands,1986
United Kingdom,New Caledonia,3
United Kingdom,New Zealand,1103
United Kingdom,Nicaragua,4
United Kingdom,Norway,629
United Kingdom,Oman,2
United Kingdom,Palestinian Territory,6
United Kingdom,Panama,6
United Kingdom,Paraguay,5
United Kingdom,Peru,33
United Kingdom,Philippines,56
United Kingdom,Poland,639
United Kingdom,Portugal,297
United Kingdom,Puerto Rico,11
United Kingdom,Qatar,18
United Kingdom,South Korea,365
United Kingdom,Reunion,12
United Kingdom,Romania,221
United Kingdom,Russia,1003
United Kingdom,Saint Pierre and Miquelon,1
United Kingdom,Saint Vincent and The Grenadines,1
United Kingdom,Saudi Arabia,7
United Kingdom,Senegal,1
United Kingdom,Serbia,39
United Kingdom,Seychelles,1
United Kingdom,Singapore,147
United Kingdom,Slovakia,135
United Kingdom,Slovenia,92
United Kingdom,South Africa,203
United Kingdom,Spain,1022
United Kingdom,Sri Lanka,1
United Kingdom,Sweden,896
United Kingdom,Switzerland,1599
United Kingdom,Taiwan,125
United Kingdom,Tanzania,2
United Kingdom,Thailand,85
United Kingdom,Trinidad and Tobago,6
United Kingdom,Tunisia,7
United Kingdom,Turkey,51
United Kingdom,Uganda,6
United Kingdom,Ukraine,202
United Kingdom,United Arab Emirates,96
United Kingdom,United Kingdom,34987
United Kingdom,United States,32187
United Kingdom,Uruguay,42
United Kingdom,Venezuela,2
United Kingdom,Vietnam,32
United Kingdom,XK,3
United Kingdom,Zambia,1
United States,Afghanistan,1
United States,Albania,5
United States,American Samoa,1
United States,Antigua and Barbuda,1
United States,Argentina,104
United States,Armenia,5
United States,Aruba,1
United States,Australia,6514
United States,Austria,509
United States,Azerbaijan,2
United States,Bahamas,4
United States,Bahrain,3
United States,Bangladesh,2
United States,Barbados,8
United States,Belarus,16
United States,Belgium,1000
United States,Benin,1
United States,Bermuda,13
United States,Bolivia,7
United States,Bosnia and Herzegovina,15
United States,Botswana,2
United States,Brazil,318
United States,Brunei Darussalam,13
United States,Bulgaria,47
United States,China,283
United States,Cambodia,7
United States,Canada,7271
United States,Cayman Islands,2
United States,Chile,191
United States,Colombia,73
United States,Cook Islands,8
United States,Costa Rica,42
United States,Croatia,89
United States,Cyprus,25
United States,Czech Republic,320
United States,Denmark,529
United States,Dominican Republic,12
United States,Ecuador,18
United States,Egypt,8
United States,El Salvador,10
United States,Estonia,114
United States,Faroe Islands,4
United States,Fiji,2
United States,Finland,717
United States,France,3245
United States,French Guiana,2
United States,Georgia,34
United States,Germany,7725
United States,Gibraltar,4
United States,Greece,244
United States,Greenland,3
United States,Guadeloupe,2
United States,Guam,7
United States,Guatemala,10
United States,Guernsey,2
United States,Honduras,12
United States,Hong Kong,122
United States,Hungary,169
United States,Iceland,71
United States,India,95
United States,Indonesia,53
United States,Ireland,994
United States,Isle of Man,10
United States,Israel,349
United States,Italy,1135
United States,Jamaica,2
United States,Japan,3390
United States,Jersey,11
United States,Jordan,9
United States,Kazakhstan,18
United States,Kenya,9
United States,Kuwait,14
United States,Kyrgyzstan,5
United States,Lao People's Democratic Republic,1
United States,Latvia,60
United States,Lebanon,11
United States,Liberia,1
United States,Liechtenstein,8
United States,Lithuania,104
United States,Luxembourg,58
United States,ME,6
United States,Macao,9
United States,Macedonia,9
United States,Malawi,4
United States,Malaysia,56
United States,Malta,12
United States,Martinique,2
United States,Mauritius,3
United States,Mexico,434
United States,Moldova,5
United States,Monaco,3
United States,Morocco,7
United States,Mozambique,1
United States,Myanmar,1
United States,Namibia,9
United States,Netherlands,1772
United States,New Caledonia,7
United States,New Zealand,957
United States,Nicaragua,1
United States,Nigeria,2
United States,Norfolk Island,1
United States,Norway,672
United States,Oman,7
United States,Pakistan,1
United States,Palestinian Territory,7
United States,Panama,16
United States,Paraguay,4
United States,Peru,55
United States,Philippines,104
United States,Poland,665
United States,Portugal,312
United States,Puerto Rico,17
United States,Qatar,15
United States,South Korea,340
United States,Reunion,8
United States,Romania,115
United States,Russia,835
United States,Saint Lucia,2
United States,Saint Pierre and Miquelon,1
United States,Saudi Arabia,19
United States,Senegal,2
United States,Serbia,71
United States,Seychelles,7
United States,Singapore,200
United States,Slovakia,129
United States,Slovenia,113
United States,South Africa,242
United States,Spain,931
United States,Sri Lanka,3
United States,Sweden,927
United States,Switzerland,1349
United States,Taiwan,112
United States,Tanzania,2
United States,Thailand,100
United States,Trinidad and Tobago,7
United States,Tunisia,2
United States,Turkey,43
United States,U.S. Virgin Islands,3
United States,Uganda,3
United States,Ukraine,116
United States,United Arab Emirates,75
United States,United Kingdom,14179
United States,United States,119005
United States,Uruguay,27
United States,Venezuela,7
United States,Vietnam,29
United States,Wallis and Futuna,4
Uruguay,Argentina,2
Uruguay,Australia,2
Uruguay,Austria,2
Uruguay,Brazil,1
Uruguay,Canada,1
Uruguay,Chile,6
Uruguay,China,3
Uruguay,Croatia,1
Uruguay,Denmark,2
Uruguay,Finland,1
Uruguay,France,4
Uruguay,Georgia,2
Uruguay,Germany,10
Uruguay,Greece,1
Uruguay,Ireland,2
Uruguay,Italy,1
Uruguay,Japan,4
Uruguay,Liechtenstein,1
Uruguay,Macedonia,1
Uruguay,Mexico,2
Uruguay,Netherlands,1
Uruguay,Norway,2
Uruguay,Peru,1
Uruguay,Poland,3
Uruguay,Portugal,2
Uruguay,Slovenia,2
Uruguay,Spain,6
Uruguay,Sweden,2
Uruguay,Switzerland,4
Uruguay,Ukraine,1
Uruguay,United Kingdom,17
Uruguay,United States,21
Uruguay,Uruguay,18
Uruguay,Vanuatu,1
Venezuela,Argentina,2
Venezuela,Australia,1
Venezuela,Austria,1
Venezuela,China,1
Venezuela,Canada,4
Venezuela,Chile,2
Venezuela,Denmark,1
Venezuela,Ecuador,1
Venezuela,Finland,1
Venezuela,France,5
Venezuela,Germany,3
Venezuela,Hungary,1
Venezuela,Ireland,1
Venezuela,Italy,2
Venezuela,Japan,6
Venezuela,Mexico,3
Venezuela,Netherlands,1
Venezuela,New Zealand,1
Venezuela,Peru,1
Venezuela,Philippines,1
Venezuela,Poland,1
Venezuela,Romania,1
Venezuela,Russia,1
Venezuela,Serbia,1
Venezuela,Slovakia,1
Venezuela,Spain,2
Venezuela,United Kingdom,4
Venezuela,United States,41
Venezuela,Venezuela,4
Vietnam,Australia,2
Vietnam,China,2
Vietnam,Canada,2
Vietnam,Denmark,1
Vietnam,France,5
Vietnam,Germany,5
Vietnam,Hong Kong,1
Vietnam,Indonesia,1
Vietnam,Italy,2
Vietnam,Japan,2
Vietnam,Lithuania,1
Vietnam,Mexico,1
Vietnam,Netherlands,2
Vietnam,Poland,1
Vietnam,Russia,4
Vietnam,Singapore,1
Vietnam,Spain,3
Vietnam,Sweden,1
Vietnam,Taiwan,1
Vietnam,Thailand,1
Vietnam,United Kingdom,19
Vietnam,United States,29
Vietnam,Vietnam,1
Zambia,Australia,3
Zambia,Belgium,1
Zambia,Germany,1
Zambia,Ireland,1
Zambia,Switzerland,1
Zambia,United Kingdom,7
Zambia,United States,22
